Date,High,Low,Open,Close,Volume,Adj Close
2018-05-31,7604.72998046875,7407.33984375,7500.7001953125,7541.4501953125,4921460224.0,7541.4501953125
2018-06-01,7695.830078125,7497.259765625,7536.72021484375,7643.4501953125,4939299840.0,7643.4501953125
2018-06-02,7754.89013671875,7613.0400390625,7632.08984375,7720.25,4851760128.0,7720.25
2018-06-03,7753.81982421875,7474.0400390625,7722.52978515625,7514.47021484375,4993169920.0,7514.47021484375
2018-06-04,7643.22998046875,7397.0,7500.89990234375,7633.759765625,4961739776.0,7633.759765625
2018-06-05,7680.43017578125,7502.009765625,7625.97021484375,7653.97998046875,4692259840.0,7653.97998046875
2018-06-06,7741.27001953125,7650.81982421875,7650.81982421875,7678.240234375,4485799936.0,7678.240234375
2018-06-07,7698.18994140625,7558.39990234375,7685.14013671875,7624.919921875,4227579904.0,7624.919921875
2018-06-08,7683.580078125,7531.97998046875,7632.52001953125,7531.97998046875,3845220096.0,7531.97998046875
2018-06-09,7499.5498046875,6709.06982421875,7499.5498046875,6786.02001953125,5804839936.0,6786.02001953125
2018-06-10,6910.18017578125,6706.6298828125,6799.2900390625,6906.919921875,4745269760.0,6906.919921875
2018-06-11,6907.9599609375,6542.080078125,6905.81982421875,6582.35986328125,4654380032.0,6582.35986328125
2018-06-12,6631.66015625,6285.6298828125,6596.8798828125,6349.89990234375,5052349952.0,6349.89990234375
2018-06-13,6707.14013671875,6334.4599609375,6342.75,6675.35009765625,5138710016.0,6675.35009765625
2018-06-14,6681.080078125,6433.8701171875,6674.080078125,6456.580078125,3955389952.0,6456.580078125
2018-06-15,6592.490234375,6402.2900390625,6455.4501953125,6550.16015625,3194170112.0,6550.16015625
2018-06-16,6589.10986328125,6499.27001953125,6545.52978515625,6499.27001953125,3104019968.0,6499.27001953125
2018-06-17,6781.14013671875,6446.68017578125,6510.06982421875,6734.81982421875,4039200000.0,6734.81982421875
2018-06-18,6822.5,6709.919921875,6742.39013671875,6769.93994140625,4057029888.0,6769.93994140625
2018-06-19,6821.56005859375,6611.8798828125,6770.759765625,6776.5498046875,3888640000.0,6776.5498046875
2018-06-20,6810.93994140625,6715.169921875,6780.08984375,6729.740234375,3529129984.0,6729.740234375
2018-06-21,6747.080078125,6006.60009765625,6737.8798828125,6083.68994140625,5079810048.0,6083.68994140625
2018-06-22,6224.81982421875,6071.81005859375,6090.10009765625,6162.47998046875,3431360000.0,6162.47998046875
2018-06-23,6223.77978515625,5826.41015625,6164.27978515625,6173.22998046875,4566909952.0,6173.22998046875
2018-06-24,6327.3701171875,6119.68017578125,6171.97021484375,6249.18017578125,5500810240.0,6249.18017578125
2018-06-25,6290.16015625,6093.669921875,6253.5498046875,6093.669921875,3279759872.0,6093.669921875
2018-06-26,6180.0,6052.85009765625,6084.39990234375,6157.1298828125,3296219904.0,6157.1298828125
2018-06-27,6170.41015625,5873.0498046875,6153.16015625,5903.43994140625,3467800064.0,5903.43994140625
2018-06-28,6261.66015625,5835.75,5898.1298828125,6218.2998046875,3966230016.0,6218.2998046875
2018-06-29,6465.509765625,6214.22021484375,6214.22021484375,6404.0,4543860224.0,6404.0
2018-06-30,6432.85009765625,6289.2900390625,6411.68017578125,6385.81982421875,4788259840.0,6385.81982421875
2018-07-01,6683.85986328125,6305.7001953125,6380.3798828125,6614.18017578125,4396930048.0,6614.18017578125
2018-07-02,6671.3701171875,6447.75,6596.66015625,6529.58984375,4672309760.0,6529.58984375
2018-07-03,6771.919921875,6450.4599609375,6550.8701171875,6597.5498046875,4176689920.0,6597.5498046875
2018-07-04,6749.5400390625,6546.64990234375,6599.7099609375,6639.14013671875,4999240192.0,6639.14013671875
2018-07-05,6700.93994140625,6533.5498046875,6638.68994140625,6673.5,4313959936.0,6673.5
2018-07-06,6863.990234375,6579.240234375,6668.7099609375,6856.93017578125,3961080064.0,6856.93017578125
2018-07-07,6885.91015625,6747.97998046875,6857.7998046875,6773.8798828125,3386210048.0,6773.8798828125
2018-07-08,6838.68017578125,6724.33984375,6775.080078125,6741.75,3718129920.0,6741.75
2018-07-09,6767.740234375,6320.72021484375,6739.2099609375,6329.9501953125,4052430080.0,6329.9501953125
2018-07-10,6444.9599609375,6330.47021484375,6330.77001953125,6394.7099609375,3644859904.0,6394.7099609375
2018-07-11,6397.10009765625,6136.419921875,6396.77978515625,6228.81005859375,3770170112.0,6228.81005859375
2018-07-12,6310.5498046875,6192.240234375,6235.02978515625,6238.0498046875,3805400064.0,6238.0498046875
2018-07-13,6298.18994140625,6212.22021484375,6247.5,6276.1201171875,2923670016.0,6276.1201171875
2018-07-14,6403.4599609375,6256.509765625,6272.7001953125,6359.64013671875,3285459968.0,6359.64013671875
2018-07-15,6741.75,6357.009765625,6357.009765625,6741.75,4725799936.0,6741.75
2018-07-16,7387.240234375,6684.169921875,6739.64990234375,7321.0400390625,5961950208.0,7321.0400390625
2018-07-17,7534.990234375,7280.47021484375,7315.31982421875,7370.77978515625,6103410176.0,7370.77978515625
2018-07-18,7494.4599609375,7295.4599609375,7378.2001953125,7466.85986328125,5111629824.0,7466.85986328125
2018-07-19,7594.669921875,7323.259765625,7467.39990234375,7354.1298828125,4936869888.0,7354.1298828125
2018-07-20,7437.64013671875,7262.41015625,7352.72021484375,7419.2900390625,3726609920.0,7419.2900390625
2018-07-21,7537.9501953125,7383.81982421875,7417.7998046875,7418.490234375,3695460096.0,7418.490234375
2018-07-22,7771.5,7409.10009765625,7414.7099609375,7711.10986328125,5132480000.0,7711.10986328125
2018-07-23,8424.26953125,7705.5,7716.509765625,8424.26953125,7277689856.0,8424.26953125
2018-07-24,8416.8701171875,8086.35986328125,8379.66015625,8181.39013671875,5845400064.0,8181.39013671875
2018-07-25,8290.330078125,7878.7099609375,8176.85009765625,7951.580078125,4899089920.0,7951.580078125
2018-07-26,8262.66015625,7839.759765625,7950.39990234375,8165.009765625,5195879936.0,8165.009765625
2018-07-27,8222.849609375,8110.77001953125,8169.06005859375,8192.150390625,3988750080.0,8192.150390625
2018-07-28,8272.259765625,8141.18017578125,8205.8203125,8218.4599609375,4107190016.0,8218.4599609375
2018-07-29,8235.5,7917.5,8221.580078125,8180.47998046875,5551400000.0,8180.47998046875
2018-07-30,8181.52978515625,7696.93017578125,8181.2001953125,7780.43994140625,5287530000.0,7780.43994140625
2018-07-31,7769.0400390625,7504.9501953125,7769.0400390625,7624.91015625,4797620000.0,7624.91015625
2018-08-01,7712.77001953125,7523.43994140625,7634.18994140625,7567.14990234375,4214110000.0,7567.14990234375
2018-08-02,7562.14013671875,7328.64990234375,7562.14013671875,7434.39013671875,4627150000.0,7434.39013671875
2018-08-03,7497.490234375,6984.06982421875,7438.669921875,7032.85009765625,4268390000.0,7032.85009765625
2018-08-04,7102.77001953125,6940.7001953125,7031.080078125,7068.47998046875,3679110000.0,7068.47998046875
2018-08-05,7166.5498046875,6890.5400390625,7062.93994140625,6951.7998046875,3925900000.0,6951.7998046875
2018-08-06,7146.56005859375,6748.240234375,6958.31982421875,6753.1201171875,4682800000.0,6753.1201171875
2018-08-07,6746.85009765625,6226.22021484375,6746.85009765625,6305.7998046875,5064430000.0,6305.7998046875
2018-08-08,6625.72998046875,6249.06982421875,6305.56005859375,6568.22998046875,4267040000.0,6568.22998046875
2018-08-09,6591.259765625,6124.52001953125,6571.419921875,6184.7099609375,4528680000.0,6184.7099609375
2018-08-10,6455.740234375,6109.02978515625,6185.7900390625,6295.72998046875,4047850000.0,6295.72998046875
2018-08-11,6409.85009765625,6237.5,6283.64990234375,6322.68994140625,5665250000.0,6322.68994140625
2018-08-12,6537.0498046875,6225.72021484375,6341.35986328125,6297.56982421875,4083980000.0,6297.56982421875
2018-08-13,6287.93994140625,5971.0498046875,6287.66015625,6199.7099609375,5301700000.0,6199.7099609375
2018-08-14,6588.490234375,6221.419921875,6221.419921875,6308.52001953125,4895450000.0,6308.52001953125
2018-08-15,6473.5,6276.41015625,6294.22998046875,6334.72998046875,4328420000.0,6334.72998046875
2018-08-16,6582.5,6324.97021484375,6340.91015625,6580.6298828125,4992990000.0,6580.6298828125
2018-08-17,6617.35009765625,6353.72998046875,6583.43017578125,6423.759765625,3984520000.0,6423.759765625
2018-08-18,6537.97998046875,6361.5498046875,6422.56982421875,6506.06982421875,3311170000.0,6506.06982421875
2018-08-19,6536.919921875,6297.93017578125,6500.509765625,6308.52978515625,3665100000.0,6308.52978515625
2018-08-20,6500.8701171875,6298.240234375,6301.06982421875,6488.759765625,3377180000.0,6488.759765625
2018-08-21,6816.7900390625,6310.10986328125,6486.25,6376.7099609375,4668110000.0,6376.7099609375
2018-08-22,6546.5400390625,6371.33984375,6371.33984375,6534.8798828125,3426180000.0,6534.8798828125
2018-08-23,6719.9599609375,6498.64013671875,6551.52001953125,6719.9599609375,4097820000.0,6719.9599609375
2018-08-24,6789.6298828125,6700.9599609375,6719.9501953125,6763.18994140625,3312600000.0,6763.18994140625
2018-08-25,6774.75,6620.75,6754.64013671875,6707.259765625,3295500000.0,6707.259765625
2018-08-26,6884.64013671875,6689.7099609375,6710.7998046875,6884.64013671875,4019000000.0,6884.64013671875
2018-08-27,7109.56005859375,6882.33984375,6891.080078125,7096.27978515625,4659940000.0,7096.27978515625
2018-08-28,7113.2998046875,6970.81982421875,7091.7099609375,7047.16015625,4145880000.0,7047.16015625
2018-08-29,7072.68994140625,6834.68994140625,7043.759765625,6978.22998046875,4463250000.0,6978.22998046875
2018-08-30,7057.169921875,6920.16015625,6973.97021484375,7037.580078125,4495650000.0,7037.580078125
2018-08-31,7242.2900390625,7038.0498046875,7044.81005859375,7193.25,4116050000.0,7193.25
2018-09-01,7306.31005859375,7132.16015625,7189.580078125,7272.72021484375,4329540000.0,7272.72021484375
2018-09-02,7317.93994140625,7208.14990234375,7279.02978515625,7260.06005859375,4087760000.0,7260.06005859375
2018-09-03,7388.259765625,7255.43994140625,7263.0,7361.66015625,4273640000.0,7361.66015625
2018-09-04,7388.43017578125,6792.830078125,7361.4599609375,6792.830078125,5800460000.0,6792.830078125
2018-09-05,6755.14013671875,6404.72021484375,6755.14013671875,6529.169921875,5523470000.0,6529.169921875
2018-09-06,6555.2900390625,6396.8701171875,6528.919921875,6467.06982421875,4264680000.0,6467.06982421875
2018-09-07,6534.25,6197.52001953125,6460.169921875,6225.97998046875,3835060000.0,6225.97998046875
2018-09-08,6446.259765625,6201.22021484375,6223.3798828125,6300.85986328125,3671890000.0,6300.85986328125
2018-09-09,6374.97998046875,6292.759765625,6301.56982421875,6329.7001953125,3714100000.0,6329.7001953125
2018-09-10,6398.919921875,6260.2099609375,6331.8798828125,6321.2001953125,3849910000.0,6321.2001953125
2018-09-11,6363.8701171875,6265.08984375,6317.009765625,6351.7998046875,4064230000.0,6351.7998046875
2018-09-12,6535.41015625,6354.240234375,6354.240234375,6517.31005859375,4210910000.0,6517.31005859375
2018-09-13,6596.10009765625,6456.169921875,6515.41015625,6512.7099609375,4076220000.0,6512.7099609375
2018-09-14,6561.72021484375,6493.5498046875,6509.39990234375,6543.2001953125,3216300000.0,6543.2001953125
2018-09-15,6544.330078125,6460.10009765625,6536.68017578125,6517.18017578125,3273730000.0,6517.18017578125
2018-09-16,6540.2099609375,6257.52001953125,6514.06005859375,6281.2001953125,3910780000.0,6281.2001953125
2018-09-17,6384.18017578125,6265.7099609375,6280.91015625,6371.2998046875,4180090000.0,6371.2998046875
2018-09-18,6448.4599609375,6208.33984375,6371.85009765625,6398.5400390625,4431340000.0,6398.5400390625
2018-09-19,6529.259765625,6395.9501953125,6398.85009765625,6519.669921875,4348110000.0,6519.669921875
2018-09-20,6794.330078125,6496.35986328125,6513.8701171875,6734.9501953125,6531940000.0,6734.9501953125
2018-09-21,6814.56005859375,6616.7998046875,6735.0498046875,6721.97998046875,4509660000.0,6721.97998046875
2018-09-22,6766.14990234375,6679.419921875,6715.31982421875,6710.6298828125,4197500000.0,6710.6298828125
2018-09-23,6713.56005859375,6580.89990234375,6704.77001953125,6595.41015625,4177310000.0,6595.41015625
2018-09-24,6603.64013671875,6381.85986328125,6603.64013671875,6446.47021484375,4726180000.0,6446.47021484375
2018-09-25,6585.91015625,6397.89013671875,6452.7900390625,6495.0,4437300000.0,6495.0
2018-09-26,6712.10009765625,6464.9501953125,6495.2900390625,6676.75,4606810000.0,6676.75
2018-09-27,6785.02978515625,6598.31982421875,6678.75,6644.1298828125,5014430000.0,6644.1298828125
2018-09-28,6643.10009765625,6511.64990234375,6643.10009765625,6601.9599609375,4363690000.0,6601.9599609375
2018-09-29,6643.77978515625,6566.5400390625,6604.7099609375,6625.56005859375,4002280000.0,6625.56005859375
2018-09-30,6653.2998046875,6549.080078125,6619.85009765625,6589.6201171875,4000970000.0,6589.6201171875
2018-10-01,6611.83984375,6537.89990234375,6593.240234375,6556.10009765625,3979260000.0,6556.10009765625
2018-10-02,6571.4599609375,6454.02978515625,6553.85986328125,6502.58984375,3887310000.0,6502.58984375
2018-10-03,6603.31005859375,6497.91015625,6497.91015625,6576.68994140625,3838410000.0,6576.68994140625
2018-10-04,6623.6201171875,6557.41015625,6574.14990234375,6622.47998046875,3671500000.0,6622.47998046875
2018-10-05,6628.5400390625,6577.7998046875,6622.4501953125,6588.31005859375,3259740000.0,6588.31005859375
2018-10-06,6641.490234375,6557.0400390625,6590.68017578125,6602.9501953125,3306630000.0,6602.9501953125
2018-10-07,6675.06005859375,6576.0400390625,6600.18994140625,6652.22998046875,3979460000.0,6652.22998046875
2018-10-08,6661.41015625,6606.93994140625,6653.080078125,6642.64013671875,3580810000.0,6642.64013671875
2018-10-09,6640.2900390625,6538.9599609375,6640.2900390625,6585.52978515625,3787650000.0,6585.52978515625
2018-10-10,6586.740234375,6243.740234375,6586.740234375,6256.240234375,5181640000.0,6256.240234375
2018-10-11,6328.5,6236.47021484375,6239.25,6274.580078125,3783500000.0,6274.580078125
2018-10-12,6308.509765625,6259.81005859375,6278.080078125,6285.990234375,3064030000.0,6285.990234375
2018-10-13,6363.2099609375,6280.14990234375,6288.490234375,6290.93017578125,3085320000.0,6290.93017578125
2018-10-14,6965.06005859375,6258.68017578125,6292.64013671875,6596.5400390625,7370770000.0,6596.5400390625
2018-10-15,6673.58984375,6571.3701171875,6601.41015625,6596.10986328125,4074800000.0,6596.10986328125
2018-10-16,6601.2099609375,6517.4501953125,6590.52001953125,6544.43017578125,4088420000.0,6544.43017578125
2018-10-17,6567.5400390625,6450.0400390625,6542.330078125,6476.7099609375,3924080000.0,6476.7099609375
2018-10-18,6493.68017578125,6445.31005859375,6478.06982421875,6465.41015625,3578870000.0,6465.41015625
2018-10-19,6497.72021484375,6449.0,6460.919921875,6489.18994140625,3379130000.0,6489.18994140625
2018-10-20,6556.3798828125,6476.0,6490.08984375,6482.35009765625,3253610000.0,6482.35009765625
2018-10-21,6543.7998046875,6462.97998046875,6486.0498046875,6487.16015625,3672860000.0,6487.16015625
2018-10-22,6506.009765625,6451.27001953125,6472.35986328125,6475.740234375,3716150000.0,6475.740234375
2018-10-23,6521.990234375,6468.85986328125,6478.89013671875,6495.83984375,3424670000.0,6495.83984375
2018-10-24,6504.64990234375,6447.02978515625,6484.64990234375,6476.2900390625,3230550000.0,6476.2900390625
2018-10-25,6498.2900390625,6449.60986328125,6468.43994140625,6474.75,3306050000.0,6474.75
2018-10-26,6507.41015625,6453.52978515625,6480.83984375,6480.3798828125,3393250000.0,6480.3798828125
2018-10-27,6502.27978515625,6447.91015625,6482.66015625,6486.39013671875,3445190000.0,6486.39013671875
2018-10-29,6503.60009765625,6306.990234375,6492.35009765625,6332.6298828125,4199910000.0,6332.6298828125
2018-10-30,6364.990234375,6310.14013671875,6337.0400390625,6334.27001953125,3781100000.0,6334.27001953125
2018-10-31,6349.16015625,6316.8798828125,6336.990234375,6317.60986328125,4191240000.0,6317.60986328125
2018-11-01,6547.14013671875,6311.830078125,6318.14013671875,6377.77978515625,3789400000.0,6377.77978515625
2018-11-02,6396.85986328125,6327.3798828125,6378.919921875,6388.43994140625,4234870000.0,6388.43994140625
2018-11-03,6400.06982421875,6342.3701171875,6387.240234375,6361.259765625,3658640000.0,6361.259765625
2018-11-04,6388.6298828125,6294.56982421875,6365.47021484375,6376.1298828125,4390020000.0,6376.1298828125
2018-11-05,6480.58984375,6363.6201171875,6363.6201171875,6419.66015625,4174800000.0,6419.66015625
2018-11-06,6463.5498046875,6408.16015625,6433.3798828125,6461.009765625,4700040000.0,6461.009765625
2018-11-07,6552.16015625,6468.31005859375,6468.5,6530.14013671875,4941260000.0,6530.14013671875
2018-11-08,6536.919921875,6438.52978515625,6522.27001953125,6453.72021484375,4665260000.0,6453.72021484375
2018-11-09,6456.4599609375,6373.3701171875,6442.60009765625,6385.6201171875,4346820000.0,6385.6201171875
2018-11-10,6437.27978515625,6385.31005859375,6386.1298828125,6409.22021484375,3705320000.0,6409.22021484375
2018-11-11,6423.25,6350.169921875,6413.6298828125,6411.27001953125,3939060000.0,6411.27001953125
2018-11-12,6434.2099609375,6360.47021484375,6411.759765625,6371.27001953125,4295770000.0,6371.27001953125
2018-11-13,6395.27001953125,6342.669921875,6373.18994140625,6359.490234375,4503800000.0,6359.490234375
2018-11-14,6371.5498046875,5544.08984375,6351.240234375,5738.35009765625,7398940000.0,5738.35009765625
2018-11-15,5774.81982421875,5358.3798828125,5736.14990234375,5648.02978515625,7032140000.0,5648.02978515625
2018-11-16,5657.02001953125,5498.93994140625,5645.31982421875,5575.5498046875,5279320000.0,5575.5498046875
2018-11-17,5578.580078125,5519.56005859375,5578.580078125,5554.330078125,4303150000.0,5554.330078125
2018-11-18,5653.60986328125,5559.740234375,5559.740234375,5623.5400390625,4159680000.0,5623.5400390625
2018-11-19,5620.77978515625,4842.91015625,5620.77978515625,4871.490234375,7039560000.0,4871.490234375
2018-11-20,4951.60986328125,4272.10986328125,4863.93017578125,4451.8701171875,8428290000.0,4451.8701171875
2018-11-21,4675.72998046875,4343.97998046875,4465.5400390625,4602.169921875,6120120000.0,4602.169921875
2018-11-22,4629.64013671875,4365.64013671875,4611.56982421875,4365.93994140625,4569370000.0,4365.93994140625
2018-11-23,4396.419921875,4195.68017578125,4360.7001953125,4347.10986328125,4871490000.0,4347.10986328125
2018-11-24,4413.08984375,3795.159912109375,4347.68994140625,3880.760009765625,4679500000.0,3880.760009765625
2018-11-25,4120.8701171875,3585.06005859375,3880.780029296875,4009.969970703125,6825640000.0,4009.969970703125
2018-11-26,4107.14013671875,3643.919921875,4015.070068359375,3779.1298828125,6476900000.0,3779.1298828125
2018-11-27,3862.9599609375,3661.010009765625,3765.949951171875,3820.719970703125,5998720000.0,3820.719970703125
2018-11-28,4385.89990234375,3822.469970703125,3822.469970703125,4257.419921875,7280280000.0,4257.419921875
2018-11-29,4413.0205078125,4145.76513671875,4269.00439453125,4278.8466796875,6503347767.0,4278.8466796875
2018-11-30,4322.9765625,3942.822021484375,4289.0888671875,4017.2685546875,6048016717.0,4017.2685546875
2018-12-01,4309.37744140625,3969.710693359375,4024.46435546875,4214.671875,5375314093.0,4214.671875
2018-12-02,4301.51953125,4110.978515625,4200.7333984375,4139.8779296875,5262697895.0,4139.8779296875
2018-12-03,4155.9794921875,3840.4462890625,4147.32373046875,3894.130859375,5089570994.0,3894.130859375
2018-12-04,4075.627685546875,3832.75,3886.294921875,3956.893798828125,5028069239.0,3956.893798828125
2018-12-05,3969.535888671875,3753.994873046875,3958.894775390625,3753.994873046875,5302481574.0,3753.994873046875
2018-12-06,3874.966064453125,3521.101806640625,3754.074462890625,3521.101806640625,5878333109.0,3521.101806640625
2018-12-07,3512.59033203125,3280.228759765625,3512.59033203125,3419.937255859375,6835615448.0,3419.937255859375
2018-12-08,3506.04345703125,3350.650634765625,3421.910400390625,3476.11474609375,5305024497.0,3476.11474609375
2018-12-09,3685.3056640625,3469.09423828125,3473.2275390625,3614.234375,4947372847.0,3614.234375
2018-12-10,3647.33251953125,3470.14453125,3612.04638671875,3502.656005859375,5020968740.0,3502.656005859375
2018-12-11,3513.18505859375,3392.25,3497.5546875,3424.588134765625,4696765188.0,3424.588134765625
2018-12-12,3534.228515625,3413.4814453125,3421.458251953125,3486.9501953125,4139364829.0,3486.9501953125
2018-12-13,3489.739501953125,3298.132080078125,3487.87939453125,3313.67724609375,4343372456.0,3313.67724609375
2018-12-14,3329.555908203125,3206.542236328125,3311.751953125,3242.48486328125,4372763663.0,3242.48486328125
2018-12-15,3275.3779296875,3191.303466796875,3243.99755859375,3236.76171875,3551763561.0,3236.76171875
2018-12-16,3305.753173828125,3233.81982421875,3236.274658203125,3252.839111328125,3744248994.0,3252.839111328125
2018-12-17,3597.91796875,3253.123046875,3253.123046875,3545.86474609375,5409247918.0,3545.86474609375
2018-12-18,3701.349365234375,3487.169189453125,3544.761474609375,3696.05908203125,5911325473.0,3696.05908203125
2018-12-19,3949.322998046875,3687.22998046875,3706.824951171875,3745.95068359375,6810689119.0,3745.95068359375
2018-12-20,4191.228515625,3728.974609375,3742.195068359375,4134.44140625,8927129279.0,4134.44140625
2018-12-21,4198.4296875,3850.9462890625,4133.70361328125,3896.543701171875,7206015706.0,3896.543701171875
2018-12-22,4014.1826171875,3855.739013671875,3898.083740234375,4014.1826171875,5605823233.0,4014.1826171875
2018-12-23,4085.7236328125,3976.40576171875,4020.99462890625,3998.980224609375,6151275490.0,3998.980224609375
2018-12-24,4271.79248046875,4000.331787109375,4000.331787109375,4078.59912109375,7240968501.0,4078.59912109375
2018-12-25,4089.5615234375,3760.0205078125,4081.030517578125,3815.49072265625,6158207293.0,3815.49072265625
2018-12-26,3893.359619140625,3769.86376953125,3819.666748046875,3857.297607421875,5326547918.0,3857.297607421875
2018-12-27,3874.4169921875,3645.448486328125,3854.6884765625,3654.83349609375,5130222366.0,3654.83349609375
2018-12-28,3956.135986328125,3642.632080078125,3653.1318359375,3923.918701171875,5631554348.0,3923.918701171875
2018-12-29,3963.7587890625,3820.40869140625,3932.49169921875,3820.40869140625,4991655917.0,3820.40869140625
2018-12-30,3901.908935546875,3797.21923828125,3822.384765625,3865.95263671875,4770578575.0,3865.95263671875
2018-12-31,3868.742919921875,3725.867431640625,3866.839111328125,3742.700439453125,4661840806.0,3742.700439453125
2019-01-01,3850.913818359375,3707.231201171875,3746.71337890625,3843.52001953125,4324200990.0,3843.52001953125
2019-01-02,3947.981201171875,3817.409423828125,3849.21630859375,3943.409423828125,5244856836.0,3943.409423828125
2019-01-03,3935.68505859375,3826.222900390625,3931.048583984375,3836.7412109375,4530215219.0,3836.7412109375
2019-01-04,3865.9345703125,3783.853759765625,3832.0400390625,3857.717529296875,4847965467.0,3857.717529296875
2019-01-05,3904.903076171875,3836.900146484375,3851.973876953125,3845.194580078125,5137609824.0,3845.194580078125
2019-01-06,4093.29736328125,3826.51318359375,3836.51904296875,4076.632568359375,5597027440.0,4076.632568359375
2019-01-07,4092.613525390625,4020.89404296875,4078.5849609375,4025.248291015625,5228625637.0,4025.248291015625
2019-01-08,4109.02099609375,3996.955322265625,4028.47216796875,4030.847900390625,5306593305.0,4030.847900390625
2019-01-09,4068.403564453125,4022.662841796875,4031.552001953125,4035.29638671875,5115905225.0,4035.29638671875
2019-01-10,4064.066650390625,3659.174560546875,4034.411376953125,3678.924560546875,6874143796.0,3678.924560546875
2019-01-11,3713.8818359375,3653.06982421875,3674.015380859375,3687.365478515625,5538712865.0,3687.365478515625
2019-01-12,3698.978271484375,3653.810791015625,3686.97314453125,3661.301025390625,4778170883.0,3661.301025390625
2019-01-13,3674.760009765625,3544.92724609375,3658.8681640625,3552.953125,4681302466.0,3552.953125
2019-01-14,3727.836181640625,3552.28515625,3557.31103515625,3706.05224609375,5651384490.0,3706.05224609375
2019-01-15,3720.1533203125,3619.94921875,3704.21630859375,3630.67529296875,5537192302.0,3630.67529296875
2019-01-16,3685.777099609375,3624.67333984375,3631.509765625,3655.0068359375,5394457145.0,3655.0068359375
2019-01-17,3680.135986328125,3621.9609375,3651.87109375,3678.56396484375,5464420383.0,3678.56396484375
2019-01-18,3682.52001953125,3637.080810546875,3677.990478515625,3657.83935546875,5002961727.0,3657.83935546875
2019-01-19,3758.533447265625,3652.3779296875,3652.3779296875,3728.568359375,5955691380.0,3728.568359375
2019-01-20,3743.387939453125,3583.01953125,3725.446044921875,3601.013671875,5582489560.0,3601.013671875
2019-01-21,3608.8408203125,3558.537109375,3600.372802734375,3576.032470703125,5004347059.0,3576.032470703125
2019-01-22,3620.74658203125,3539.721435546875,3575.081298828125,3604.5771484375,5313623556.0,3604.5771484375
2019-01-23,3623.06787109375,3565.31396484375,3605.55712890625,3585.123046875,5433755649.0,3585.123046875
2019-01-24,3616.08740234375,3569.0927734375,3584.500244140625,3600.865478515625,5262869046.0,3600.865478515625
2019-01-25,3612.927734375,3575.597412109375,3607.390380859375,3599.765869140625,5265847539.0,3599.765869140625
2019-01-26,3654.93310546875,3593.345947265625,3599.71533203125,3602.46044921875,5098183235.0,3602.46044921875
2019-01-27,3612.67138671875,3567.245849609375,3604.687255859375,3583.9658203125,5570752966.0,3583.9658203125
2019-01-28,3586.7509765625,3439.23291015625,3584.283203125,3470.450439453125,6908930483.0,3470.450439453125
2019-01-29,3476.0654296875,3400.81982421875,3468.8701171875,3448.116943359375,5897159493.0,3448.116943359375
2019-01-30,3495.1748046875,3429.387939453125,3443.89697265625,3486.181640625,5955112627.0,3486.181640625
2019-01-31,3504.804931640625,3447.915771484375,3485.4091796875,3457.792724609375,5831198271.0,3457.792724609375
2019-02-01,3501.9541015625,3431.591552734375,3460.547119140625,3487.9453125,5422926707.0,3487.9453125
2019-02-02,3523.287353515625,3467.57470703125,3484.6259765625,3521.060791015625,5071623601.0,3521.060791015625
2019-02-03,3521.38818359375,3447.92431640625,3516.1396484375,3464.013427734375,5043937584.0,3464.013427734375
2019-02-04,3476.223876953125,3442.5869140625,3467.211669921875,3459.154052734375,5332718886.0,3459.154052734375
2019-02-05,3478.148193359375,3451.93701171875,3454.950927734375,3466.357421875,5227549545.0,3466.357421875
2019-02-06,3469.091796875,3398.5654296875,3469.091796875,3413.767822265625,5482196038.0,3413.767822265625
2019-02-07,3427.945556640625,3394.218505859375,3414.929443359375,3399.4716796875,5004962683.0,3399.4716796875
2019-02-08,3695.614013671875,3391.023681640625,3401.37646484375,3666.7802734375,7735623101.0,3666.7802734375
2019-02-09,3679.94140625,3646.559326171875,3671.5859375,3671.20361328125,6158833645.0,3671.20361328125
2019-02-10,3695.0361328125,3640.97998046875,3673.201416015625,3690.188232421875,6282256903.0,3690.188232421875
2019-02-11,3695.613037109375,3642.287841796875,3695.613037109375,3648.4306640625,6277056434.0,3648.4306640625
2019-02-12,3668.5869140625,3618.556884765625,3642.751953125,3653.528564453125,6480384532.0,3653.528564453125
2019-02-13,3669.74658203125,3617.246337890625,3653.60400390625,3632.070556640625,6438903823.0,3632.070556640625
2019-02-14,3646.256591796875,3607.69775390625,3631.170166015625,3616.880859375,6271044418.0,3616.880859375
2019-02-15,3647.795166015625,3608.20654296875,3617.368408203125,3620.810791015625,6091952231.0,3620.810791015625
2019-02-16,3652.84130859375,3615.270263671875,3615.270263671875,3629.78759765625,5934744052.0,3629.78759765625
2019-02-17,3680.537353515625,3619.18212890625,3633.359375,3673.836181640625,7039512503.0,3673.836181640625
2019-02-18,3936.6650390625,3669.982421875,3671.369873046875,3915.71435546875,9908216640.0,3915.71435546875
2019-02-19,4010.87939453125,3908.153076171875,3911.66162109375,3947.094482421875,9933626655.0,3947.094482421875
2019-02-20,4000.486328125,3926.246826171875,3946.68505859375,3999.820556640625,8693373948.0,3999.820556640625
2019-02-21,4010.009521484375,3940.108154296875,4000.2568359375,3954.1181640625,7775128102.0,3954.1181640625
2019-02-22,4006.538330078125,3950.81640625,3952.406494140625,4005.526611328125,7826525254.0,4005.526611328125
2019-02-23,4166.2861328125,3968.726806640625,3998.916259765625,4142.52685546875,8922258316.0,4142.52685546875
2019-02-24,4210.6416015625,3793.708984375,4145.4580078125,3810.427490234375,10794227451.0,3810.427490234375
2019-02-25,3913.707275390625,3807.00244140625,3807.00244140625,3882.6962890625,9318796067.0,3882.6962890625
2019-02-26,3891.578857421875,3837.986328125,3878.697265625,3854.35791015625,7931218996.0,3854.35791015625
2019-02-27,3888.802490234375,3787.058837890625,3857.479736328125,3851.04736328125,8301309684.0,3851.04736328125
2019-02-28,3906.058349609375,3845.8212890625,3848.261962890625,3854.785400390625,8399767798.0,3854.785400390625
2019-03-01,3907.79541015625,3851.6923828125,3853.757080078125,3859.583740234375,7661247975.0,3859.583740234375
2019-03-02,3874.607421875,3832.1279296875,3855.318115234375,3864.4150390625,7578786076.0,3864.4150390625
2019-03-03,3875.483642578125,3836.90576171875,3862.26611328125,3847.17578125,7253558152.0,3847.17578125
2019-03-04,3867.3818359375,3733.749755859375,3845.091552734375,3761.55712890625,9029175788.0,3761.55712890625
2019-03-05,3903.916748046875,3745.18310546875,3759.83251953125,3896.375,10174126415.0,3896.375
2019-03-06,3919.510498046875,3871.460693359375,3897.0810546875,3903.942626953125,9175291529.0,3903.942626953125
2019-03-07,3939.373291015625,3894.113037109375,3903.384765625,3911.484375,9584165519.0,3911.484375
2019-03-08,3950.43212890625,3875.228515625,3913.225830078125,3901.131591796875,10638638944.0,3901.131591796875
2019-03-09,3987.23779296875,3892.390380859375,3894.552490234375,3963.313720703125,10796103518.0,3963.313720703125
2019-03-10,3966.17431640625,3924.381103515625,3966.17431640625,3951.599853515625,9713267607.0,3951.599853515625
2019-03-11,3966.384765625,3889.239013671875,3953.740234375,3905.227294921875,10125901903.0,3905.227294921875
2019-03-12,3926.88916015625,3863.55908203125,3903.75830078125,3909.15625,9809887079.0,3909.15625
2019-03-13,3926.59765625,3891.904296875,3913.04736328125,3906.71728515625,9469184841.0,3906.71728515625
2019-03-14,3946.50439453125,3901.296875,3905.576904296875,3924.369140625,10480789570.0,3924.369140625
2019-03-15,3968.54296875,3914.015380859375,3926.663330078125,3960.9111328125,9394210605.0,3960.9111328125
2019-03-16,4077.036376953125,3961.657470703125,3963.900146484375,4048.725830078125,9856166973.0,4048.725830078125
2019-03-17,4054.1220703125,4006.4111328125,4047.719482421875,4025.22900390625,8221625400.0,4025.22900390625
2019-03-18,4071.556640625,4009.1171875,4029.968505859375,4032.50732421875,9646954186.0,4032.50732421875
2019-03-19,4082.216064453125,4023.8125,4032.69189453125,4071.190185546875,9344919956.0,4071.190185546875
2019-03-20,4089.4619140625,4031.11083984375,4070.7939453125,4087.476318359375,10175916388.0,4087.476318359375
2019-03-21,4097.35986328125,4005.1513671875,4083.953857421875,4029.326904296875,10831212662.0,4029.326904296875
2019-03-22,4053.90673828125,4021.54248046875,4028.5146484375,4023.96826171875,9252935969.0,4023.96826171875
2019-03-23,4049.882568359375,4015.964599609375,4022.71337890625,4035.826416015625,9578850549.0,4035.826416015625
2019-03-24,4040.69970703125,4006.19287109375,4035.16357421875,4022.168212890625,9144851065.0,4022.168212890625
2019-03-25,4038.8408203125,3934.03125,4024.11279296875,3963.070556640625,10359818883.0,3963.070556640625
2019-03-26,3985.080810546875,3944.753173828125,3969.228759765625,3985.080810546875,10707678815.0,3985.080810546875
2019-03-27,4087.066162109375,3977.810546875,3984.244873046875,4087.066162109375,10897131934.0,4087.066162109375
2019-03-28,4094.902099609375,4040.266357421875,4087.58447265625,4069.107177734375,9353915899.0,4069.107177734375
2019-03-29,4113.5009765625,4034.09716796875,4068.2998046875,4098.37451171875,10918665557.0,4098.37451171875
2019-03-30,4296.806640625,4053.90966796875,4092.13623046875,4106.66015625,9732688060.0,4106.66015625
2019-03-31,4164.953125,4096.9013671875,4105.3623046875,4158.18310546875,10157794171.0,4158.18310546875
2019-03-31,4113.0234375,4094.100830078125,4105.4560546875,4105.404296875,9045122443.0,4105.404296875
2019-04-01,4905.95458984375,4155.31689453125,4156.91943359375,4879.8779296875,21315047816.0,4879.8779296875
2019-04-02,5307.00341796875,4876.62109375,4879.9580078125,4973.02197265625,22899891582.0,4973.02197265625
2019-04-03,5063.15966796875,4836.7939453125,4971.3076171875,4922.798828125,18251810240.0,4922.798828125
2019-04-04,5053.509765625,4919.49169921875,4922.80615234375,5036.68115234375,16837325387.0,5036.68115234375
2019-04-05,5205.82177734375,4992.22216796875,5036.79296875,5059.8173828125,16929795194.0,5059.8173828125
2019-04-06,5235.1865234375,5050.412109375,5062.7939453125,5198.89697265625,16655416140.0,5198.89697265625
2019-04-07,5318.83642578125,5148.2119140625,5199.83544921875,5289.77099609375,17154113634.0,5289.77099609375
2019-04-08,5289.91796875,5167.4189453125,5289.91796875,5204.95849609375,14722104361.0,5204.95849609375
2019-04-09,5421.6513671875,5193.38232421875,5204.10546875,5324.5517578125,15504590933.0,5324.5517578125
2019-04-10,5354.2255859375,5017.29638671875,5325.08154296875,5064.48779296875,16555616019.0,5064.48779296875
2019-04-11,5103.2744140625,4955.8525390625,5061.20068359375,5089.5390625,13675206312.0,5089.5390625
2019-04-12,5127.1220703125,5061.58935546875,5088.85009765625,5096.58642578125,10823289598.0,5096.58642578125
2019-04-13,5184.01611328125,5053.568359375,5095.7587890625,5167.72216796875,10391952498.0,5167.72216796875
2019-04-14,5196.60693359375,5024.0693359375,5167.32177734375,5067.1083984375,12290155061.0,5067.1083984375
2019-04-15,5238.9453125,5055.19482421875,5066.57763671875,5235.5595703125,11618660197.0,5235.5595703125
2019-04-16,5274.275390625,5219.20556640625,5236.13525390625,5251.93798828125,12438480677.0,5251.93798828125
2019-04-17,5319.986328125,5250.5068359375,5251.48046875,5298.3857421875,13256489918.0,5298.3857421875
2019-04-18,5336.68017578125,5233.3349609375,5298.154296875,5303.8125,13780238655.0,5303.8125
2019-04-19,5358.49072265625,5295.8779296875,5304.16064453125,5337.88623046875,13169647522.0,5337.88623046875
2019-04-20,5359.9248046875,5257.33935546875,5335.87890625,5314.53125,13731844223.0,5314.53125
2019-04-21,5422.6875,5280.27685546875,5312.49462890625,5399.365234375,14601631648.0,5399.365234375
2019-04-22,5633.80224609375,5389.40869140625,5399.36572265625,5572.3623046875,15867308108.0,5572.3623046875
2019-04-23,5642.04443359375,5418.26318359375,5571.50830078125,5464.86669921875,17048033399.0,5464.86669921875
2019-04-24,5542.23828125,5181.3388671875,5466.5244140625,5210.515625,15330283408.0,5210.515625
2019-04-25,5383.63427734375,5177.36865234375,5210.3046875,5279.34814453125,16812108040.0,5279.34814453125
2019-04-26,5310.75,5233.6357421875,5279.47119140625,5268.291015625,13111274675.0,5268.291015625
2019-04-27,5326.23193359375,5255.68359375,5271.74658203125,5285.13916015625,12819992056.0,5285.13916015625
2019-04-28,5311.27490234375,5216.48779296875,5284.8583984375,5247.3525390625,13735490672.0,5247.3525390625
2019-04-29,5363.25732421875,5224.18994140625,5247.72607421875,5350.7265625,13878964574.0,5350.7265625
2019-04-30,5418.00390625,5347.64599609375,5350.91455078125,5402.697265625,13679528236.0,5402.697265625
2019-05-01,5522.2626953125,5394.21728515625,5402.4228515625,5505.28369140625,14644460907.0,5505.28369140625
2019-05-02,5865.8818359375,5490.20166015625,5505.55224609375,5768.28955078125,18720780006.0,5768.28955078125
2019-05-03,5886.8935546875,5645.46923828125,5769.20263671875,5831.16748046875,17567780766.0,5831.16748046875
2019-05-04,5833.86279296875,5708.03515625,5831.068359375,5795.70849609375,14808830723.0,5795.70849609375
2019-05-05,5802.95751953125,5653.6875,5791.693359375,5746.80712890625,15737171804.0,5746.80712890625
2019-05-06,5988.17822265625,5741.39599609375,5745.59912109375,5829.50146484375,18026409033.0,5829.50146484375
2019-05-07,5989.98095703125,5794.7158203125,5849.4814453125,5982.45751953125,15320605300.0,5982.45751953125
2019-05-08,6183.0390625,5982.31640625,5982.31640625,6174.52880859375,16784645411.0,6174.52880859375
2019-05-09,6434.61767578125,6161.51904296875,6175.82275390625,6378.84912109375,19419875368.0,6378.84912109375
2019-05-10,7333.0029296875,6375.69873046875,6379.6669921875,7204.771484375,28867562329.0,7204.771484375
2019-05-11,7503.8720703125,6815.77099609375,7203.50732421875,6972.37158203125,27773333680.0,6972.37158203125
2019-05-12,8047.4130859375,6898.2822265625,6971.17822265625,7814.9150390625,28677672181.0,7814.9150390625
2019-05-13,8268.712890625,7696.39111328125,7807.88427734375,7994.416015625,32031452227.0,7994.416015625
2019-05-14,8216.423828125,7899.10693359375,7989.37451171875,8205.16796875,28344112920.0,8205.16796875
2019-05-15,8320.82421875,7729.6083984375,8194.5009765625,7884.9091796875,33167197581.0,7884.9091796875
2019-05-16,7929.1455078125,7038.12451171875,7886.92578125,7343.8955078125,30066644905.0,7343.8955078125
2019-05-17,7447.27197265625,7251.50439453125,7341.66455078125,7271.2080078125,21354286562.0,7271.2080078125
2019-05-18,8261.94140625,7267.962890625,7267.962890625,8197.689453125,25902422040.0,8197.689453125
2019-05-19,8200.9677734375,7678.78173828125,8196.923828125,7978.30908203125,23843404340.0,7978.30908203125
2019-05-20,8062.16796875,7843.33984375,7977.96923828125,7963.32763671875,25127245056.0,7963.32763671875
2019-05-21,7997.6123046875,7615.9873046875,7956.2919921875,7680.06640625,24719473175.0,7680.06640625
2019-05-22,7943.79150390625,7533.19677734375,7677.26904296875,7881.8466796875,24457107820.0,7881.8466796875
2019-05-23,8140.7197265625,7824.44873046875,7881.6953125,7987.37158203125,25919126991.0,7987.37158203125
2019-05-24,8117.92578125,7965.97607421875,7991.88525390625,8052.5439453125,22256813107.0,8052.5439453125
2019-05-25,8687.5205078125,7924.67041015625,8055.2060546875,8673.2158203125,26677970091.0,8673.2158203125
2019-05-26,8907.1748046875,8668.705078125,8674.072265625,8805.7783203125,27949839564.0,8805.7783203125
2019-05-27,8807.0166015625,8634.7216796875,8802.7578125,8719.9619140625,24226919267.0,8719.9619140625
2019-05-28,8755.8525390625,8482.728515625,8718.591796875,8659.4873046875,23473479966.0,8659.4873046875
2019-05-29,9008.314453125,8221.2734375,8661.7607421875,8319.47265625,29246528551.0,8319.47265625
2019-05-30,8586.6591796875,8172.55078125,8320.2861328125,8574.501953125,25365190957.0,8574.501953125
2019-05-31,8625.6005859375,8481.578125,8573.83984375,8564.0166015625,22488303544.0,8564.0166015625
2019-06-01,8809.3037109375,8561.2353515625,8565.4736328125,8742.9580078125,20266216022.0,8742.9580078125
2019-06-02,8743.5,8204.185546875,8741.7470703125,8208.9951171875,22004511436.0,8208.9951171875
2019-06-03,8210.9853515625,7564.48876953125,8210.9853515625,7707.77099609375,24609731549.0,7707.77099609375
2019-06-04,7901.84912109375,7668.66845703125,7704.34326171875,7824.2314453125,21760923463.0,7824.2314453125
2019-06-05,7937.3408203125,7571.47119140625,7819.63330078125,7822.0234375,19474611077.0,7822.0234375
2019-06-06,8126.1533203125,7788.37353515625,7826.9013671875,8043.951171875,19141423231.0,8043.951171875
2019-06-07,8076.89111328125,7837.61083984375,8036.77490234375,7954.1279296875,16522722810.0,7954.1279296875
2019-06-08,7975.97412109375,7583.2197265625,7949.6748046875,7688.0771484375,16610726547.0,7688.0771484375
2019-06-09,8031.90966796875,7586.73095703125,7692.28466796875,8000.32958984375,18689275117.0,8000.32958984375
2019-06-10,8026.39404296875,7772.8037109375,8004.24365234375,7927.71435546875,17107279932.0,7927.71435546875
2019-06-11,8196.6484375,7862.35986328125,7925.43408203125,8145.857421875,19034432883.0,8145.857421875
2019-06-12,8311.5673828125,8087.06103515625,8145.54541015625,8230.923828125,18669407147.0,8230.923828125
2019-06-13,8710.63671875,8183.39306640625,8230.8984375,8693.8330078125,19831162906.0,8693.8330078125
2019-06-14,8859.1279296875,8618.3955078125,8689.74609375,8838.375,18371033226.0,8838.375
2019-06-15,9335.8671875,8814.556640625,8841.4404296875,8994.48828125,23348550311.0,8994.48828125
2019-06-16,9416.4072265625,8988.923828125,8988.923828125,9320.3525390625,15562951919.0,9320.3525390625
2019-06-17,9348.3740234375,9004.9013671875,9335.466796875,9081.7626953125,15848210536.0,9081.7626953125
2019-06-18,9299.62109375,9070.3955078125,9078.7275390625,9273.521484375,15546809946.0,9273.521484375
2019-06-19,9594.419921875,9232.484375,9273.060546875,9527.16015625,17846823784.0,9527.16015625
2019-06-20,10144.556640625,9525.07421875,9525.07421875,10144.556640625,20624008643.0,10144.556640625
2019-06-21,11157.345703125,10107.03515625,10175.923828125,10701.69140625,29995204861.0,10701.69140625
2019-06-22,11246.14453125,10556.095703125,10696.69140625,10855.37109375,20998326502.0,10855.37109375
2019-06-23,11065.896484375,10610.427734375,10853.744140625,11011.1025390625,19271652365.0,11011.1025390625
2019-06-24,11790.9169921875,11007.2021484375,11007.2021484375,11790.9169921875,24879684533.0,11790.9169921875
2019-06-25,13796.4892578125,11755.59765625,11778.5810546875,13016.2314453125,45105733173.0,13016.2314453125
2019-06-26,13311.14453125,10491.8525390625,13017.125,11182.806640625,39977475223.0,11182.806640625
2019-06-27,12445.1748046875,10914.4951171875,11162.16796875,12407.33203125,35087757766.0,12407.33203125
2019-06-28,12400.91015625,11508.37890625,12400.763671875,11959.37109375,29923961128.0,11959.37109375
2019-06-29,12178.3837890625,10799.0087890625,11931.9912109375,10817.1552734375,27256473494.0,10817.1552734375
2019-06-30,11206.439453125,10089.314453125,10796.9306640625,10583.134765625,29378589324.0,10583.134765625
2019-07-01,10912.1884765625,9737.884765625,10588.68359375,10801.677734375,31015895223.0,10801.677734375
2019-07-02,11968.078125,10818.15625,10818.15625,11961.26953125,30796494294.0,11961.26953125
2019-07-03,12006.0751953125,11166.5693359375,11972.71875,11215.4375,25920294033.0,11215.4375
2019-07-04,11395.6611328125,10874.96484375,11203.1025390625,10978.4599609375,23838480210.0,10978.4599609375
2019-07-05,11620.96484375,10982.5439453125,10982.5439453125,11208.55078125,21092024306.0,11208.55078125
2019-07-06,11541.6201171875,11148.8046875,11217.6162109375,11450.8466796875,19369044277.0,11450.8466796875
2019-07-07,12345.8330078125,11393.3740234375,11446.5966796875,12285.9580078125,23482551458.0,12285.9580078125
2019-07-08,12779.1318359375,12233.26171875,12284.326171875,12573.8125,28167921523.0,12573.8125
2019-07-09,13129.529296875,11710.978515625,12571.537109375,12156.5126953125,33627574244.0,12156.5126953125
2019-07-10,12144.623046875,11158.9228515625,12139.7138671875,11358.662109375,28595327690.0,11358.662109375
2019-07-11,11905.4873046875,11179.14453125,11354.2998046875,11815.986328125,23534692797.0,11815.986328125
2019-07-12,11841.95703125,10908.4794921875,11813.126953125,11392.37890625,21042616384.0,11392.37890625
2019-07-13,11451.2041015625,10234.576171875,11381.0205078125,10256.05859375,22486000001.0,10256.05859375
2019-07-14,11052.7666015625,9992.0068359375,10257.8388671875,10895.08984375,25384047207.0,10895.08984375
2019-07-15,10996.6328125,9448.1064453125,10896.6533203125,9477.6416015625,24151199070.0,9477.6416015625
2019-07-16,9963.134765625,9163.134765625,9471.2138671875,9693.802734375,24569921549.0,9693.802734375
2019-07-17,10736.8427734375,9376.798828125,9698.5029296875,10666.482421875,25187024648.0,10666.482421875
2019-07-18,10716.98046875,10229.62890625,10653.9560546875,10530.732421875,20727426310.0,10530.732421875
2019-07-19,11048.662109375,10451.2763671875,10525.8193359375,10767.1396484375,20206615155.0,10767.1396484375
2019-07-20,10841.8876953125,10389.599609375,10777.529296875,10599.10546875,17130580467.0,10599.10546875
2019-07-21,10651.791015625,10154.921875,10596.9482421875,10343.1064453125,16334414913.0,10343.1064453125
2019-07-22,10346.748046875,9883.5947265625,10346.748046875,9900.767578125,17851916995.0,9900.767578125
2019-07-23,9908.796875,9614.306640625,9887.73046875,9811.92578125,17398734322.0,9811.92578125
2019-07-24,10154.25390625,9773.95703125,9809.0966796875,9911.841796875,15821952090.0,9911.841796875
2019-07-25,9916.517578125,9717.982421875,9913.126953125,9870.3037109375,14495714483.0,9870.3037109375
2019-07-26,10167.3203125,9411.521484375,9871.1650390625,9477.677734375,16817809536.0,9477.677734375
2019-07-27,9575.544921875,9252.296875,9491.626953125,9552.8603515625,13738687093.0,9552.8603515625
2019-07-28,9681.6484375,9472.9482421875,9548.1787109375,9519.1455078125,13791445323.0,9519.1455078125
2019-07-29,9701.759765625,9437.3359375,9522.3291015625,9607.423828125,13829811132.0,9607.423828125
2019-07-30,10085.6279296875,9598.09765625,9604.05078125,10085.6279296875,16631520648.0,10085.6279296875
2019-07-31,10446.919921875,9922.01953125,10077.4423828125,10399.6689453125,17165337858.0,10399.6689453125
2019-08-01,10657.953125,10371.013671875,10402.04296875,10518.1748046875,17489094082.0,10518.1748046875
2019-08-02,10946.78125,10503.5048828125,10519.2783203125,10821.7265625,15352685061.0,10821.7265625
2019-08-03,11009.20703125,10620.2783203125,10821.6328125,10970.1845703125,16530894787.0,10970.1845703125
2019-08-04,11895.091796875,10960.7353515625,10960.7353515625,11805.6533203125,23875988832.0,11805.6533203125
2019-08-05,12273.8212890625,11290.7314453125,11811.544921875,11478.1689453125,23635107660.0,11478.1689453125
2019-08-06,12036.990234375,11433.701171875,11476.193359375,11941.96875,22194988641.0,11941.96875
2019-08-07,11979.419921875,11556.16796875,11954.0400390625,11966.4072265625,19481591730.0,11966.4072265625
2019-08-08,11970.4580078125,11709.7451171875,11953.4697265625,11862.9365234375,18339989960.0,11862.9365234375
2019-08-09,11915.6552734375,11323.8984375,11861.556640625,11354.0244140625,18125355447.0,11354.0244140625
2019-08-10,11523.5791015625,11248.294921875,11349.740234375,11523.5791015625,15774371518.0,11523.5791015625
2019-08-11,11528.189453125,11320.951171875,11528.189453125,11382.6162109375,13647198229.0,11382.6162109375
2019-08-12,11420.0498046875,10830.3271484375,11385.052734375,10895.830078125,16681503537.0,10895.830078125
2019-08-13,10889.556640625,10028.1357421875,10889.4873046875,10051.7041015625,19990838300.0,10051.7041015625
2019-08-14,10437.4111328125,9675.31640625,10038.421875,10311.5458984375,22899115082.0,10311.5458984375
2019-08-15,10524.349609375,9855.478515625,10319.419921875,10374.3388671875,20228207096.0,10374.3388671875
2019-08-16,10452.625,10086.6982421875,10358.72265625,10231.744140625,13778035685.0,10231.744140625
2019-08-17,10487.0703125,10119.0947265625,10233.005859375,10345.810546875,12999813869.0,10345.810546875
2019-08-18,10916.0537109375,10313.2041015625,10350.283203125,10916.0537109375,16038264603.0,10916.0537109375
2019-08-19,10947.0419921875,10618.9609375,10916.3466796875,10763.232421875,15053082175.0,10763.232421875
2019-08-20,10798.7294921875,9962.7216796875,10764.572265625,10138.0498046875,19473084768.0,10138.0498046875
2019-08-21,10232.99609375,9831.462890625,10142.521484375,10131.0556640625,17097508856.0,10131.0556640625
2019-08-22,10442.443359375,10078.1923828125,10136.3095703125,10407.96484375,15627023886.0,10407.96484375
2019-08-23,10418.0205078125,9982.296875,10407.64453125,10159.9609375,15451030650.0,10159.9609375
2019-08-24,10304.6220703125,10008.7890625,10160.7373046875,10138.517578125,14153856610.0,10138.517578125
2019-08-25,10512.328125,10126.2998046875,10126.2998046875,10370.8203125,18438654080.0,10370.8203125
2019-08-26,10381.328125,10087.30078125,10372.826171875,10185.5,14762609503.0,10185.5
2019-08-27,10279.3662109375,9716.65625,10203.4267578125,9754.4228515625,17603790323.0,9754.4228515625
2019-08-28,9756.7861328125,9421.6298828125,9756.7861328125,9510.2001953125,17045878501.0,9510.2001953125
2019-08-29,9656.1240234375,9428.302734375,9514.8447265625,9598.173828125,13595263986.0,9598.173828125
2019-08-30,9673.220703125,9531.7998046875,9597.5390625,9630.6640625,11454806419.0,9630.6640625
2019-08-31,9796.755859375,9582.9443359375,9630.5927734375,9757.970703125,11445355859.0,9757.970703125
2019-09-01,10396.591796875,9730.650390625,9757.4736328125,10346.7607421875,17248102294.0,10346.7607421875
2019-09-02,10736.1044921875,10308.5478515625,10345.7255859375,10623.5400390625,19384917989.0,10623.5400390625
2019-09-03,10762.64453125,10434.7099609375,10621.1806640625,10594.4931640625,16742664769.0,10594.4931640625
2019-09-04,10627.26953125,10516.41796875,10588.18359375,10575.533203125,14551239508.0,10575.533203125
2019-09-05,10898.76171875,10292.2998046875,10578.1982421875,10353.302734375,19536574783.0,10353.302734375
2019-09-06,10558.673828125,10348.9189453125,10353.931640625,10517.2548828125,15307366476.0,10517.2548828125
2019-09-07,10595.6376953125,10409.0908203125,10518.1142578125,10441.2763671875,13670567493.0,10441.2763671875
2019-09-08,10450.3115234375,10144.9296875,10443.228515625,10334.974609375,17595943368.0,10334.974609375
2019-09-09,10394.353515625,10020.5732421875,10336.408203125,10115.9755859375,14906809639.0,10115.9755859375
2019-09-10,10215.9482421875,9980.7763671875,10123.03515625,10178.3720703125,15428063426.0,10178.3720703125
2019-09-11,10442.25390625,10099.2421875,10176.8193359375,10410.126953125,15323563925.0,10410.126953125
2019-09-12,10441.4892578125,10226.5966796875,10415.3623046875,10360.546875,14109864675.0,10360.546875
2019-09-13,10422.1337890625,10291.6943359375,10345.4033203125,10358.048828125,13468713124.0,10358.048828125
2019-09-14,10387.03515625,10313.0927734375,10356.4658203125,10347.712890625,12043433567.0,10347.712890625
2019-09-15,10386.8671875,10189.744140625,10347.22265625,10276.7939453125,15160167779.0,10276.7939453125
2019-09-16,10296.771484375,10199.7392578125,10281.513671875,10241.2724609375,15304603363.0,10241.2724609375
2019-09-17,10275.9287109375,10191.4697265625,10247.7958984375,10198.248046875,16169268880.0,10198.248046875
2019-09-18,10295.6689453125,9851.6923828125,10200.49609375,10266.4150390625,19937691247.0,10266.4150390625
2019-09-19,10285.8720703125,10132.1865234375,10266.318359375,10181.6416015625,14734189639.0,10181.6416015625
2019-09-20,10188.09765625,10000.7080078125,10183.6484375,10019.716796875,13425266806.0,10019.716796875
2019-09-21,10074.4443359375,9922.533203125,10024.115234375,10070.392578125,13199651698.0,10070.392578125
2019-09-22,10074.23828125,9727.1435546875,10067.962890625,9729.32421875,15144925408.0,9729.32421875
2019-09-23,9804.3173828125,8370.8017578125,9729.3212890625,8620.56640625,25002886689.0,8620.56640625
2019-09-24,8744.828125,8325.396484375,8603.4287109375,8486.9931640625,21744728353.0,8486.9931640625
2019-09-25,8515.685546875,7895.62939453125,8487.669921875,8118.9677734375,19258205289.0,8118.9677734375
2019-09-26,8271.5205078125,7965.9228515625,8113.10107421875,8251.845703125,16408941156.0,8251.845703125
2019-09-27,8285.6171875,8125.431640625,8251.2734375,8245.9150390625,14141152736.0,8245.9150390625
2019-09-28,8261.70703125,7990.4970703125,8246.037109375,8104.185546875,13034629109.0,8104.185546875
2019-09-29,8314.2314453125,7830.7587890625,8104.2265625,8293.8681640625,17115474183.0,8293.8681640625
2019-09-30,8497.6923828125,8232.6796875,8299.720703125,8343.2763671875,15305343413.0,8343.2763671875
2019-10-01,8393.0419921875,8227.6953125,8344.212890625,8393.0419921875,13125712443.0,8393.0419921875
2019-10-02,8414.2275390625,8146.43701171875,8390.7744140625,8259.9921875,13668823409.0,8259.9921875
2019-10-03,8260.0556640625,8151.23681640625,8259.494140625,8205.939453125,13139456229.0,8205.939453125
2019-10-04,8215.5263671875,8071.12060546875,8210.1494140625,8151.50048828125,12200497197.0,8151.50048828125
2019-10-05,8161.41015625,7958.8505859375,8149.876953125,7988.15576171875,13160830305.0,7988.15576171875
2019-10-06,8308.4501953125,7905.76611328125,7989.12060546875,8245.623046875,18009742607.0,8245.623046875
2019-10-07,8332.71484375,8185.76318359375,8246.849609375,8228.783203125,15592264032.0,8228.783203125
2019-10-08,8627.7060546875,8169.298828125,8229.8408203125,8595.740234375,19384942333.0,8595.740234375
2019-10-09,8625.2724609375,8471.93359375,8585.2802734375,8586.4736328125,17618660671.0,8586.4736328125
2019-10-10,8721.7802734375,8316.181640625,8585.2626953125,8321.7568359375,19604381101.0,8321.7568359375
2019-10-11,8415.2421875,8313.3408203125,8315.6650390625,8336.5556640625,14532641605.0,8336.5556640625
2019-10-12,8470.98828125,8276.6123046875,8336.90234375,8321.005859375,13808286059.0,8321.005859375
2019-10-13,8390.208984375,8284.130859375,8320.83203125,8374.6865234375,15151387859.0,8374.6865234375
2019-10-14,8410.71484375,8182.70654296875,8373.4580078125,8205.369140625,15220412632.0,8205.369140625
2019-10-15,8216.8125,7985.08984375,8204.6748046875,8047.52685546875,16071646996.0,8047.52685546875
2019-10-16,8134.83154296875,8000.94287109375,8047.8125,8103.9111328125,14313052244.0,8103.9111328125
2019-10-17,8138.41357421875,7902.1640625,8100.93359375,7973.20751953125,15651592610.0,7973.20751953125
2019-10-18,8082.62939453125,7944.77685546875,7973.8037109375,7988.560546875,13797825640.0,7988.560546875
2019-10-19,8281.818359375,7949.439453125,7997.80712890625,8222.078125,15504249442.0,8222.078125
2019-10-20,8296.6943359375,8196.416015625,8225.115234375,8243.720703125,15868748866.0,8243.720703125
2019-10-21,8296.6513671875,8074.462890625,8243.40234375,8078.203125,16803377857.0,8078.203125
2019-10-22,8092.99951171875,7469.32275390625,8076.228515625,7514.671875,21942878958.0,7514.671875
2019-10-23,7532.86767578125,7446.98876953125,7509.72802734375,7493.48876953125,16268708849.0,7493.48876953125
2019-10-24,8691.5400390625,7479.984375,7490.703125,8660.7001953125,28705065488.0,8660.7001953125
2019-10-25,10021.744140625,8662.6220703125,8667.5771484375,9244.97265625,44496255609.0,9244.97265625
2019-10-26,9749.529296875,9112.5419921875,9241.70703125,9551.71484375,32593129501.0,9551.71484375
2019-10-28,9805.1181640625,9256.1484375,9565.1015625,9256.1484375,30948255332.0,9256.1484375
2019-10-29,9516.1806640625,9232.6484375,9248.4404296875,9427.6875,28426779937.0,9427.6875
2019-10-30,9426.8740234375,9085.3701171875,9422.462890625,9205.7265625,27706531577.0,9205.7265625
2019-10-31,9383.1611328125,9028.7177734375,9202.4580078125,9199.5849609375,26583653947.0,9199.5849609375
2019-11-01,9275.6572265625,9132.0478515625,9193.9921875,9261.1044921875,24324691031.0,9261.1044921875
2019-11-02,9377.486328125,9249.587890625,9259.783203125,9324.7177734375,21242676385.0,9324.7177734375
2019-11-03,9379.806640625,9141.251953125,9324.787109375,9235.3544921875,21132220847.0,9235.3544921875
2019-11-04,9505.0517578125,9191.4853515625,9235.607421875,9412.6123046875,26170255634.0,9412.6123046875
2019-11-05,9457.41796875,9256.931640625,9413.0048828125,9342.52734375,26198609048.0,9342.52734375
2019-11-06,9423.2373046875,9305.9091796875,9340.8642578125,9360.8798828125,23133895765.0,9360.8798828125
2019-11-07,9368.4765625,9202.353515625,9352.3935546875,9267.5615234375,22700383839.0,9267.5615234375
2019-11-08,9272.759765625,8775.5341796875,9265.3681640625,8804.880859375,24333037836.0,8804.880859375
2019-11-09,8891.818359375,8793.1630859375,8809.46875,8813.58203125,17578630606.0,8813.58203125
2019-11-10,9103.826171875,8806.162109375,8812.4892578125,9055.5263671875,20587919881.0,9055.5263671875
2019-11-11,9081.279296875,8700.6083984375,9056.91796875,8757.7880859375,20265510765.0,8757.7880859375
2019-11-12,8853.7685546875,8685.427734375,8759.751953125,8815.662109375,20309769107.0,8815.662109375
2019-11-13,8836.841796875,8761.6513671875,8812.033203125,8808.2626953125,17545755405.0,8808.2626953125
2019-11-14,8826.943359375,8692.5517578125,8811.9365234375,8708.0947265625,19084739975.0,8708.0947265625
2019-11-15,8730.873046875,8484.84375,8705.7080078125,8491.9921875,21796856471.0,8491.9921875
2019-11-16,8591.9970703125,8473.9736328125,8491.166015625,8550.7607421875,16495389808.0,8550.7607421875
2019-11-17,8727.7890625,8500.9677734375,8549.470703125,8577.9755859375,18668638897.0,8577.9755859375
2019-11-18,8653.2802734375,8273.5732421875,8573.98046875,8309.2861328125,21579470673.0,8309.2861328125
2019-11-19,8408.5166015625,8099.96337890625,8305.134765625,8206.1455078125,21083613816.0,8206.1455078125
2019-11-20,8237.240234375,8010.51171875,8203.61328125,8027.26806640625,20764300437.0,8027.26806640625
2019-11-21,8110.09814453125,7597.3818359375,8023.64453125,7642.75,22514243371.0,7642.75
2019-11-22,7697.3828125,6936.70654296875,7643.5693359375,7296.57763671875,34242315785.0,7296.57763671875
2019-11-23,7442.2587890625,7151.41796875,7296.16455078125,7397.796875,21008924418.0,7397.796875
2019-11-24,7408.5771484375,7029.2890625,7398.6337890625,7047.9169921875,30433517289.0,7047.9169921875
2019-11-25,7319.85693359375,6617.1669921875,7039.97705078125,7146.1337890625,42685231262.0,7146.1337890625
2019-11-26,7320.23046875,7098.572265625,7145.1591796875,7218.37109375,21129505542.0,7218.37109375
2019-11-27,7619.693359375,6974.17431640625,7220.880859375,7531.66357421875,23991412764.0,7531.66357421875
2019-11-28,7730.07275390625,7454.12158203125,7536.8203125,7463.10595703125,19050116751.0,7463.10595703125
2019-11-29,7781.1796875,7460.75634765625,7466.72705078125,7761.24365234375,19709695456.0,7761.24365234375
2019-11-30,7836.10205078125,7515.849609375,7764.05712890625,7569.6298828125,17158194786.0,7569.6298828125
2019-12-01,7571.6162109375,7291.341796875,7571.6162109375,7424.29248046875,18720708479.0,7424.29248046875
2019-12-02,7474.81884765625,7233.3994140625,7424.0361328125,7321.98828125,17082040706.0,7321.98828125
2019-12-03,7418.85888671875,7229.35693359375,7323.9755859375,7320.1455078125,14797485769.0,7320.1455078125
2019-12-04,7539.78466796875,7170.9228515625,7320.125,7252.03466796875,21664240918.0,7252.03466796875
2019-12-05,7743.431640625,7232.6767578125,7253.24169921875,7448.3076171875,18816085231.0,7448.3076171875
2019-12-06,7546.99658203125,7392.17529296875,7450.5615234375,7546.99658203125,18104466307.0,7546.99658203125
2019-12-07,7589.95166015625,7525.71142578125,7547.265625,7556.23779296875,15453520564.0,7556.23779296875
2019-12-08,7634.6064453125,7476.09130859375,7551.3388671875,7564.34521484375,15409908086.0,7564.34521484375
2019-12-09,7618.091796875,7365.9853515625,7561.79541015625,7400.8994140625,17872021272.0,7400.8994140625
2019-12-10,7424.02294921875,7246.0439453125,7397.13427734375,7278.11962890625,18249031195.0,7278.11962890625
2019-12-11,7324.15625,7195.52734375,7277.19775390625,7217.42724609375,16350490689.0,7217.42724609375
2019-12-12,7266.6396484375,7164.7412109375,7216.73876953125,7243.13427734375,18927080224.0,7243.13427734375
2019-12-13,7293.560546875,7227.12255859375,7244.662109375,7269.6845703125,17125736940.0,7269.6845703125
2019-12-14,7308.83642578125,7097.208984375,7268.90283203125,7124.673828125,17137029730.0,7124.673828125
2019-12-15,7181.07568359375,6924.3759765625,7124.23974609375,7152.3017578125,16881129804.0,7152.3017578125
2019-12-16,7171.1689453125,6903.6826171875,7153.6630859375,6932.48046875,20213265950.0,6932.48046875
2019-12-17,6964.0751953125,6587.97412109375,6931.3154296875,6640.51513671875,22363804217.0,6640.51513671875
2019-12-18,7324.98486328125,6540.04931640625,6647.6982421875,7276.802734375,31836522778.0,7276.802734375
2019-12-19,7346.6025390625,7041.3818359375,7277.5908203125,7202.84423828125,25904604416.0,7202.84423828125
2019-12-20,7257.921875,7086.1240234375,7208.63671875,7218.81640625,22633815180.0,7218.81640625
2019-12-21,7223.22607421875,7112.73583984375,7220.59375,7191.15869140625,19312552168.0,7191.15869140625
2019-12-22,7518.033203125,7167.17919921875,7191.1884765625,7511.5888671875,23134537956.0,7511.5888671875
2019-12-23,7656.17626953125,7326.1923828125,7508.90234375,7355.62841796875,27831788041.0,7355.62841796875
2019-12-24,7535.716796875,7269.52880859375,7354.39306640625,7322.5322265625,22991622105.0,7322.5322265625
2019-12-25,7357.02001953125,7220.9912109375,7325.755859375,7275.15576171875,21559505149.0,7275.15576171875
2019-12-26,7388.302734375,7200.38671875,7274.79931640625,7238.966796875,22787010034.0,7238.966796875
2019-12-27,7363.529296875,7189.93408203125,7238.14111328125,7290.08837890625,22777360996.0,7290.08837890625
2019-12-28,7399.041015625,7286.9052734375,7289.03125,7317.990234375,21365673026.0,7317.990234375
2019-12-29,7513.9482421875,7279.865234375,7317.6474609375,7422.65283203125,22445257702.0,7422.65283203125
2019-12-30,7454.82421875,7276.30810546875,7420.27294921875,7292.9951171875,22874131672.0,7292.9951171875
2019-12-31,7335.2900390625,7169.77783203125,7294.43896484375,7193.59912109375,21167946112.0,7193.59912109375
2020-01-01,7254.33056640625,7174.9443359375,7194.89208984375,7200.17431640625,18565664997.0,7200.17431640625
2020-01-02,7212.1552734375,6935.27001953125,7202.55126953125,6985.47021484375,20802083465.0,6985.47021484375
2020-01-03,7413.71533203125,6914.99609375,6984.4287109375,7344.88427734375,28111481032.0,7344.88427734375
2020-01-04,7427.3857421875,7309.51416015625,7345.37548828125,7410.65673828125,18444271275.0,7410.65673828125
2020-01-05,7544.4970703125,7400.53564453125,7410.45166015625,7411.3173828125,19725074095.0,7411.3173828125
2020-01-06,7781.8671875,7409.29296875,7410.4521484375,7769.21923828125,23276261598.0,7769.21923828125
2020-01-07,8178.2158203125,7768.2275390625,7768.68212890625,8163.6923828125,28767291327.0,8163.6923828125
2020-01-08,8396.73828125,7956.7744140625,8161.935546875,8079.86279296875,31672559265.0,8079.86279296875
2020-01-09,8082.2958984375,7842.40380859375,8082.2958984375,7879.0712890625,24045990466.0,7879.0712890625
2020-01-10,8166.55419921875,7726.77490234375,7878.3076171875,8166.55419921875,28714583844.0,8166.55419921875
2020-01-11,8218.359375,8029.64208984375,8162.19091796875,8037.53759765625,25521165085.0,8037.53759765625
2020-01-12,8200.0634765625,8009.05908203125,8033.26171875,8192.494140625,22903438381.0,8192.494140625
2020-01-13,8197.7880859375,8079.70068359375,8189.77197265625,8144.1943359375,22482910688.0,8144.1943359375
2020-01-14,8879.51171875,8140.93310546875,8140.93310546875,8827.7646484375,44841784107.0,8827.7646484375
2020-01-15,8890.1171875,8657.1875,8825.34375,8807.0107421875,40102834650.0,8807.0107421875
2020-01-16,8846.4609375,8612.095703125,8812.4814453125,8723.7861328125,31313981931.0,8723.7861328125
2020-01-17,8958.1220703125,8677.31640625,8725.2099609375,8929.0380859375,36372139320.0,8929.0380859375
2020-01-18,9012.1982421875,8827.33203125,8927.2119140625,8942.80859375,32337772627.0,8942.80859375
2020-01-19,9164.3623046875,8620.080078125,8941.4453125,8706.2451171875,34217320471.0,8706.2451171875
2020-01-20,8745.5908203125,8560.4736328125,8704.6318359375,8657.642578125,26422375678.0,8657.642578125
2020-01-21,8755.7060546875,8544.5205078125,8658.9912109375,8745.89453125,24097418512.0,8745.89453125
2020-01-22,8792.994140625,8636.7470703125,8744.2109375,8680.8759765625,22600204051.0,8680.8759765625
2020-01-23,8687.7470703125,8333.6376953125,8680.650390625,8406.515625,25770680779.0,8406.515625
2020-01-24,8514.6669921875,8266.8408203125,8405.5673828125,8445.4345703125,24397913026.0,8445.4345703125
2020-01-25,8458.453125,8296.21875,8440.119140625,8367.84765625,19647331549.0,8367.84765625
2020-01-26,8602.4013671875,8325.498046875,8364.41015625,8596.830078125,22177678796.0,8596.830078125
2020-01-27,8977.7265625,8597.30859375,8597.30859375,8909.8193359375,28647338393.0,8909.8193359375
2020-01-28,9358.58984375,8908.447265625,8912.5244140625,9358.58984375,34398744403.0,9358.58984375
2020-01-29,9406.431640625,9269.4677734375,9357.470703125,9316.6298828125,30682598115.0,9316.6298828125
2020-01-30,9553.1259765625,9230.8974609375,9316.0166015625,9508.9931640625,32378792851.0,9508.9931640625
2020-01-31,9521.7060546875,9230.7763671875,9508.3134765625,9350.529296875,29432489719.0,9350.529296875
2020-02-01,9439.3232421875,9313.2392578125,9346.357421875,9392.875,25922656496.0,9392.875
2020-02-02,9468.7978515625,9217.82421875,9389.8203125,9344.365234375,30835736946.0,9344.365234375
2020-02-03,9540.3720703125,9248.6337890625,9344.68359375,9293.521484375,30934096509.0,9293.521484375
2020-02-04,9331.265625,9112.8115234375,9292.841796875,9180.962890625,29893183716.0,9180.962890625
2020-02-05,9701.2998046875,9163.7041015625,9183.416015625,9613.423828125,35222060874.0,9613.423828125
2020-02-06,9824.619140625,9539.818359375,9617.8212890625,9729.8017578125,37628823716.0,9729.8017578125
2020-02-07,9834.716796875,9726.0029296875,9726.0029296875,9795.943359375,34522718159.0,9795.943359375
2020-02-08,9876.7490234375,9678.91015625,9793.0703125,9865.119140625,35172043762.0,9865.119140625
2020-02-09,10129.435546875,9850.392578125,9863.89453125,10116.673828125,35807884663.0,10116.673828125
2020-02-10,10165.765625,9784.5634765625,10115.5595703125,9856.611328125,39386548075.0,9856.611328125
2020-02-11,10210.052734375,9729.3349609375,9855.8916015625,10208.236328125,37648059389.0,10208.236328125
2020-02-12,10393.611328125,10202.3876953125,10202.3876953125,10326.0546875,43444303830.0,10326.0546875
2020-02-13,10457.626953125,10116.1611328125,10323.9609375,10214.3798828125,49356071373.0,10214.3798828125
2020-02-14,10321.99609375,10125.5341796875,10211.55078125,10312.1162109375,43338264162.0,10312.1162109375
2020-02-15,10341.5556640625,9874.427734375,10313.8564453125,9889.4248046875,43865054831.0,9889.4248046875
2020-02-16,10053.96875,9722.38671875,9889.1796875,9934.43359375,43374780305.0,9934.43359375
2020-02-17,9938.8154296875,9507.6376953125,9936.560546875,9690.142578125,45998298413.0,9690.142578125
2020-02-18,10161.935546875,9632.3828125,9691.23046875,10141.99609375,47271023953.0,10141.99609375
2020-02-19,10191.67578125,9611.2236328125,10143.798828125,9633.38671875,46992019710.0,9633.38671875
2020-02-20,9643.216796875,9507.900390625,9629.3251953125,9608.4755859375,44925260237.0,9608.4755859375
2020-02-21,9723.0146484375,9589.7431640625,9611.7822265625,9686.44140625,40930547513.0,9686.44140625
2020-02-22,9698.2314453125,9600.728515625,9687.70703125,9663.181640625,35838025154.0,9663.181640625
2020-02-23,9937.404296875,9657.791015625,9663.318359375,9924.515625,41185185761.0,9924.515625
2020-02-24,9951.74609375,9537.04296875,9921.5830078125,9650.1748046875,45080496648.0,9650.1748046875
2020-02-25,9652.7373046875,9305.021484375,9651.3125,9341.705078125,42515259129.0,9341.705078125
2020-02-26,9354.7783203125,8704.4267578125,9338.2900390625,8820.5224609375,50420050762.0,8820.5224609375
2020-02-27,8932.892578125,8577.19921875,8825.09375,8784.494140625,45470195695.0,8784.494140625
2020-02-28,8890.4560546875,8492.9326171875,8788.728515625,8672.455078125,44605450443.0,8672.455078125
2020-02-29,8775.6318359375,8599.5087890625,8671.212890625,8599.5087890625,35792392544.0,8599.5087890625
2020-03-01,8726.796875,8471.212890625,8599.7587890625,8562.4541015625,35349164300.0,8562.4541015625
2020-03-02,8921.30859375,8532.630859375,8563.2646484375,8869.669921875,42857674409.0,8869.669921875
2020-03-03,8901.5986328125,8704.990234375,8865.3876953125,8787.7861328125,42386715821.0,8787.7861328125
2020-03-04,8843.3662109375,8712.431640625,8788.5419921875,8755.24609375,34746706368.0,8755.24609375
2020-03-05,9142.0546875,8757.25390625,8760.28515625,9078.7626953125,39698054597.0,9078.7626953125
2020-03-06,9167.6953125,9032.0791015625,9078.30859375,9122.5458984375,40826885651.0,9122.5458984375
2020-03-07,9163.220703125,8890.744140625,9121.6005859375,8909.9541015625,36216930370.0,8909.9541015625
2020-03-08,8914.34375,8105.2529296875,8908.2060546875,8108.1162109375,39973102121.0,8108.1162109375
2020-03-09,8177.79345703125,7690.09814453125,8111.146484375,7923.64453125,46936995808.0,7923.64453125
2020-03-10,8136.9453125,7814.76318359375,7922.14697265625,7909.7294921875,42213940994.0,7909.7294921875
2020-03-11,7950.814453125,7642.8125,7910.08984375,7911.43017578125,38682762605.0,7911.43017578125
2020-03-12,7929.1162109375,4860.35400390625,7913.6162109375,4970.7880859375,53980357243.0,4970.7880859375
2020-03-13,5838.11474609375,4106.98095703125,5017.8310546875,5563.70703125,74156772075.0,5563.70703125
2020-03-14,5625.2265625,5125.0693359375,5573.07763671875,5200.3662109375,36154506008.0,5200.3662109375
2020-03-15,5836.64501953125,5169.283203125,5201.06689453125,5392.31494140625,33997889639.0,5392.31494140625
2020-03-16,5385.2294921875,4575.35791015625,5385.2294921875,5014.47998046875,45368026430.0,5014.47998046875
2020-03-17,5371.3486328125,4981.9091796875,5002.578125,5225.62939453125,38622642935.0,5225.62939453125
2020-03-18,5331.833984375,5069.3359375,5227.11376953125,5238.4384765625,37878801016.0,5238.4384765625
2020-03-19,6329.73583984375,5236.96875,5245.41650390625,6191.19287109375,51000731797.0,6191.19287109375
2020-03-20,6844.26171875,5865.78173828125,6191.65380859375,6198.7783203125,54442976103.0,6198.7783203125
2020-03-21,6378.13525390625,5932.8232421875,6206.521484375,6185.06640625,42494390880.0,6185.06640625
2020-03-22,6359.697265625,5823.7138671875,6185.55810546875,5830.2548828125,40099664740.0,5830.2548828125
2020-03-23,6443.9345703125,5785.00439453125,5831.37451171875,6416.31494140625,46491916000.0,6416.31494140625
2020-03-24,6789.02294921875,6411.06640625,6436.642578125,6734.8037109375,48221910672.0,6734.8037109375
2020-03-25,6892.51123046875,6536.92626953125,6738.716796875,6681.06298828125,44590107888.0,6681.06298828125
2020-03-26,6735.4638671875,6590.962890625,6675.1708984375,6716.4404296875,35319797642.0,6716.4404296875
2020-03-27,6793.83642578125,6466.70166015625,6719.38916015625,6469.79833984375,34585598367.0,6469.79833984375
2020-03-28,6467.5009765625,6117.837890625,6467.25390625,6242.19384765625,34885225901.0,6242.19384765625
2020-03-29,6517.19580078125,5903.234375,5925.53857421875,6429.841796875,37101651525.0,6429.841796875
2020-03-29,6250.46728515625,5920.0859375,6245.62451171875,5922.04296875,28373690931.0,5922.04296875
2020-03-30,6504.51513671875,6374.162109375,6430.6064453125,6438.64453125,32786468812.0,6438.64453125
2020-03-31,6612.57373046875,6202.37353515625,6437.3193359375,6606.7763671875,40346426266.0,6606.7763671875
2020-04-01,7088.24755859375,6595.91845703125,6606.7763671875,6793.62451171875,47660646124.0,6793.62451171875
2020-04-02,7003.220703125,6673.3359375,6797.396484375,6733.38720703125,38976504903.0,6733.38720703125
2020-04-03,6878.95361328125,6696.48486328125,6738.3828125,6867.52734375,33185988584.0,6867.52734375
2020-04-04,6883.4140625,6715.92919921875,6862.53759765625,6791.12939453125,29510409856.0,6791.12939453125
2020-04-05,7271.78125,6782.8896484375,6788.0498046875,7271.78125,46896904615.0,7271.78125
2020-04-06,7427.939453125,7136.71435546875,7273.64404296875,7176.41455078125,44243482668.0,7176.41455078125
2020-04-07,7356.2236328125,7153.3056640625,7179.283203125,7334.0986328125,37563249549.0,7334.0986328125
2020-04-08,7341.4482421875,7179.09423828125,7337.96630859375,7302.08935546875,34815139178.0,7302.08935546875
2020-04-09,7303.8154296875,6802.47509765625,7303.8154296875,6865.4931640625,43622840992.0,6865.4931640625
2020-04-10,6926.06982421875,6789.9208984375,6867.4404296875,6859.0830078125,31222085946.0,6859.0830078125
2020-04-11,7119.947265625,6811.078125,6858.06787109375,6971.091796875,35759567632.0,6971.091796875
2020-04-12,6965.61669921875,6668.259765625,6965.61669921875,6845.03759765625,38619308647.0,6845.03759765625
2020-04-13,6958.55712890625,6793.8212890625,6843.28173828125,6842.427734375,34110434052.0,6842.427734375
2020-04-14,6928.66455078125,6633.40283203125,6845.5615234375,6642.10986328125,32288311031.0,6642.10986328125
2020-04-15,7134.45068359375,6555.50439453125,6640.4541015625,7116.80419921875,46783242377.0,7116.80419921875
2020-04-17,7269.95654296875,7089.2470703125,7092.29150390625,7257.6650390625,32447188386.0,7257.6650390625
2020-04-18,7280.52197265625,7167.0546875,7260.92236328125,7189.4248046875,31311210215.0,7189.4248046875
2020-04-19,7240.29052734375,6835.5029296875,7186.87353515625,6881.95849609375,37747113936.0,6881.95849609375
2020-04-20,6934.5517578125,6834.4423828125,6879.7841796875,6880.3232421875,32589741511.0,6880.3232421875
2020-04-21,7145.86572265625,6867.78173828125,6879.4404296875,7117.20751953125,33249153866.0,7117.20751953125
2020-04-22,7491.78515625,7081.5947265625,7121.30615234375,7429.724609375,43500782316.0,7429.724609375
2020-04-23,7574.19580078125,7434.181640625,7434.181640625,7550.90087890625,34636526286.0,7550.90087890625
2020-04-24,7641.36376953125,7521.67236328125,7550.48291015625,7569.93603515625,32941541447.0,7569.93603515625
2020-04-25,7700.59423828125,7561.40771484375,7570.13916015625,7679.8671875,33070154491.0,7679.8671875
2020-04-26,7795.60107421875,7679.4189453125,7679.4189453125,7795.60107421875,36162144725.0,7795.60107421875
2020-04-27,7814.52734375,7730.806640625,7796.97021484375,7807.05859375,33187959921.0,7807.05859375
2020-04-28,8871.75390625,7786.04931640625,7806.71240234375,8801.0380859375,60201052203.0,8801.0380859375
2020-04-29,9440.650390625,8533.255859375,8797.669921875,8658.5537109375,66964629541.0,8658.5537109375
2020-04-30,9048.0234375,8667.763671875,8672.7822265625,8864.7666015625,44068389997.0,8864.7666015625
2020-05-01,9007.1875,8811.3662109375,8869.0576171875,8988.5966796875,40134388683.0,8988.5966796875
2020-05-02,9167.78125,8830.9716796875,8983.6142578125,8897.46875,47101785174.0,8897.46875
2020-05-03,8956.90625,8645.0244140625,8895.7451171875,8912.654296875,45718796276.0,8912.654296875
2020-05-04,9062.4150390625,8856.8271484375,8912.83203125,9003.0703125,43148462663.0,9003.0703125
2020-05-05,9411.4677734375,8966.7060546875,9007.44140625,9268.76171875,49371886931.0,9268.76171875
2020-05-06,9992.6640625,9138.322265625,9261.8955078125,9951.5185546875,61112700562.0,9951.5185546875
2020-05-07,9996.7431640625,9767.1728515625,9936.162109375,9842.666015625,51780748042.0,9842.666015625
2020-05-08,9913.86328125,9580.64453125,9840.90625,9593.896484375,46566121841.0,9593.896484375
2020-05-09,9595.5810546875,8395.107421875,9591.1689453125,8756.4306640625,63325279337.0,8756.4306640625
2020-05-10,9033.470703125,8374.3232421875,8755.53515625,8601.7958984375,57119858802.0,8601.7958984375
2020-05-11,8949.8984375,8569.6435546875,8610.3857421875,8804.4775390625,42142717533.0,8804.4775390625
2020-05-12,9317.87890625,8805.3876953125,8805.3876953125,9269.9873046875,45558144023.0,9269.9873046875
2020-05-13,9793.2685546875,9255.03515625,9271.3291015625,9733.7216796875,56426907637.0,9733.7216796875
2020-05-14,9755.828125,9261.3984375,9734.291015625,9328.197265625,48158802327.0,9328.197265625
2020-05-15,9564.205078125,9260.6943359375,9333.240234375,9377.013671875,36164766408.0,9377.013671875
2020-05-16,9823.001953125,9349.5458984375,9374.9296875,9670.7392578125,40084250663.0,9670.7392578125
2020-05-17,9906.0302734375,9570.359375,9675.6953125,9726.5751953125,41827139896.0,9726.5751953125
2020-05-18,9836.0478515625,9539.6240234375,9727.0634765625,9729.0380859375,39254288955.0,9729.0380859375
2020-05-19,9804.7939453125,9447.201171875,9725.3291015625,9522.9814453125,36546239703.0,9522.9814453125
2020-05-20,9555.2421875,8869.9306640625,9522.740234375,9081.76171875,39326160532.0,9081.76171875
2020-05-21,9232.9365234375,9008.638671875,9080.3349609375,9182.5771484375,29810773699.0,9182.5771484375
2020-05-22,9302.501953125,9118.1083984375,9185.0625,9209.287109375,27727866812.0,9209.287109375
2020-05-23,9288.404296875,8787.2509765625,9212.283203125,8790.3681640625,32518803300.0,8790.3681640625
2020-05-24,8951.005859375,8719.66796875,8786.107421875,8906.9345703125,31288157264.0,8906.9345703125
2020-05-25,8991.9677734375,8757.2939453125,8909.5859375,8835.052734375,29584186947.0,8835.052734375
2020-05-26,9203.3203125,8834.1572265625,8837.380859375,9181.017578125,32740536902.0,9181.017578125
2020-05-27,9546.3193359375,9148.45703125,9184.9453125,9525.7509765625,34367073114.0,9525.7509765625
2020-05-28,9573.6669921875,9379.3388671875,9528.35546875,9439.1240234375,32896642044.0,9439.1240234375
2020-05-29,9704.0302734375,9366.7294921875,9438.9140625,9700.4140625,32722975141.0,9700.4140625
2020-05-30,9700.34375,9432.296875,9700.10546875,9461.05859375,27773290299.0,9461.05859375
2020-05-31,10199.5654296875,9450.8994140625,9463.60546875,10167.2685546875,35198901068.0,10167.2685546875
2020-06-01,10182.3408203125,9460.5712890625,10162.9736328125,9529.8037109375,39137252109.0,9529.8037109375
2020-06-02,9682.859375,9471.8466796875,9533.7607421875,9656.7177734375,25007459262.0,9656.7177734375
2020-06-03,9887.6103515625,9525.2470703125,9655.8544921875,9800.63671875,25921805072.0,9800.63671875
2020-06-04,9869.2373046875,9663.216796875,9800.2158203125,9665.533203125,23509628646.0,9665.533203125
2020-06-05,9773.431640625,9591.0244140625,9664.904296875,9653.6796875,20438419222.0,9653.6796875
2020-06-06,9768.498046875,9458.150390625,9653.0029296875,9758.8525390625,25015250846.0,9758.8525390625
2020-06-07,9782.306640625,9675.8857421875,9760.0634765625,9771.4892578125,21486346312.0,9771.4892578125
2020-06-08,9836.369140625,9664.7197265625,9774.3603515625,9795.7001953125,23717842783.0,9795.7001953125
2020-06-09,9908.896484375,9728.291015625,9794.119140625,9870.0947265625,25706567601.0,9870.0947265625
2020-06-10,9938.2978515625,9263.0693359375,9870.078125,9321.78125,30247143440.0,9321.78125
2020-06-11,9540.4658203125,9285.8515625,9320.6904296875,9480.84375,22610564515.0,9480.84375
2020-06-12,9493.2119140625,9396.009765625,9480.7353515625,9475.27734375,17564322315.0,9475.27734375
2020-06-13,9482.2705078125,9347.59375,9477.5537109375,9386.7880859375,18991732746.0,9386.7880859375
2020-06-14,9504.8603515625,8990.17578125,9386.03515625,9450.7021484375,26699704768.0,9450.7021484375
2020-06-15,9579.4306640625,9400.4453125,9454.2666015625,9538.0244140625,21565537209.0,9538.0244140625
2020-06-16,9540.4228515625,9327.33984375,9533.7841796875,9480.2548828125,20177709879.0,9480.2548828125
2020-06-17,9482.7822265625,9328.3955078125,9481.5673828125,9411.8408203125,17770083003.0,9411.8408203125
2020-06-18,9440.8759765625,9274.2958984375,9410.2939453125,9288.0185546875,19632223107.0,9288.0185546875
2020-06-19,9394.9716796875,9247.3798828125,9290.9599609375,9332.3408203125,17130541557.0,9332.3408203125
2020-06-20,9401.107421875,9300.4306640625,9330.9267578125,9303.6298828125,15324301169.0,9303.6298828125
2020-06-21,9655.0732421875,9296.8720703125,9300.9150390625,9648.7177734375,21104009514.0,9648.7177734375
2020-06-22,9670.541015625,9547.2470703125,9644.076171875,9629.658203125,17006433272.0,9629.658203125
2020-06-23,9680.3671875,9278.2333984375,9632.1494140625,9313.6103515625,18961716076.0,9313.6103515625
2020-06-24,9340.1611328125,9095.32421875,9314.126953125,9264.8134765625,18616048626.0,9264.8134765625
2020-06-25,9310.5166015625,9101.73828125,9260.9951171875,9162.91796875,18341465837.0,9162.91796875
2020-06-26,9207.810546875,8998.216796875,9167.82421875,9045.390625,17273093144.0,9045.390625
2020-06-27,9197.546875,8975.525390625,9048.4609375,9143.58203125,14560870760.0,9143.58203125
2020-06-28,9237.5732421875,9041.8759765625,9140.029296875,9190.8544921875,16460547078.0,9190.8544921875
2020-06-29,9217.8359375,9084.837890625,9185.5810546875,9137.9931640625,15735797744.0,9137.9931640625
2020-06-30,9309.7548828125,9104.7353515625,9145.9853515625,9228.3251953125,15971550355.0,9228.3251953125
