,Timestamp,SubReddit
0,1593254303,ffxiv
1,1593254645,verizon
2,1593255242,Buttcoin
3,1593256416,Cartalk
4,1593256419,JustCause
5,1593256615,Bitcoin
6,1593256834,DestinyTheGame
7,1593260332,btc
8,1593261455,AppleWatch
9,1593261468,BitcoinMarkets
10,1593261723,Buttcoin
11,1593262063,DestinyTheGame
12,1593262352,RussiaLago
13,1593262531,DestinyTheGame
14,1593262627,JustCause
15,1593263118,ShitPostCrusaders
16,1593263706,LegalAdviceUK
17,1593264614,DestinyTheGame
18,1593265345,PoliticalCompassMemes
19,1593265409,onewheel
20,1593265436,Starlink
21,1593266230,Shipbreaker
22,1593266311,PeopleFuckingDying
23,1593266346,titanfall
24,1593266756,DestinyTheGame
25,1593268223,pathofexile
26,1593269773,Shipbreaker
27,1593269981,Futurology
28,1593270109,apexlegends
29,1593270276,DestinyTheGame
30,1593270281,DestinyTheGame
31,1593270635,Shipbreaker
32,1593270786,DestinyTheGame
33,1593271129,RivalsOfAether
34,1593271253,SmashBrosUltimate
35,1593272095,dndnext
36,1593272423,DestinyTheGame
37,1593272507,dogs
38,1593272682,smashbros
39,1593272698,Futurology
40,1593272810,Annapolis
41,1593272861,Annapolis
42,1593272919,smashbros
43,1593273224,btc
44,1593273291,CruciblePlaybook
45,1593273574,Eve
46,1593274222,tmobile
47,1593274257,Bitcoin
48,1593275433,sex
49,1593275453,ARK
50,1593275524,bowhunting
51,1593275544,HardspaceShipbreaker
52,1593276161,PathOfExileBuilds
53,1593277303,Military
54,1593277341,FirstInquisitionDARP
55,1593277598,Shipbreaker
56,1593277732,Warframe
57,1593277862,HardspaceShipbreaker
58,1593278069,Shipbreaker
59,1593278265,dankmemes
60,1593278433,tasker
61,1593278486,oculus
62,1593278510,DestinyTheGame
63,1593278684,DestinyTheGame
64,1593278693,COGuns
65,1593278830,Shipbreaker
66,1593280290,Shipbreaker
67,1593280532,leagueoflegends
68,1593280922,space
69,1593281303,Shipbreaker
70,1593281580,Topstowners
71,1593281617,GirlGamers
72,1593281871,Warframe
73,1593283087,spacex
74,1593283129,DestinyTheGame
75,1593283437,fireemblem
76,1593284010,DestinyTheGame
77,1593284703,CruciblePlaybook
78,1593285091,DestinyTheGame
79,1593285265,destiny2
80,1593285750,destiny2
81,1593285751,HeavySeas
82,1593285765,SmashBrosUltimate
83,1593285955,DestinyTheGame
84,1593287389,DestinyTheGame
85,1593287787,Shipbreaker
86,1593288457,DestinyTheGame
87,1593288615,Eve
88,1593288713,Shipbreaker
89,1593288731,DestinyTheGame
90,1593288974,spacex
91,1593289436,adhdwomen
92,1593289515,pathofexile
93,1593289524,titanfall
94,1593289601,harrypotter
95,1593289630,SuicideWatch
96,1593290953,DnD
97,1593291276,DnD
98,1593291479,tmobile
99,1593291831,DestinyTheGame
100,1593292017,AskReddit
101,1593292825,Eve
102,1593293045,pathofexile
103,1593293344,Shipbreaker
104,1593293531,dogs
105,1593293780,Dogtraining
106,1593294149,destiny2
107,1593294328,DestinyTheGame
108,1593294680,DestinyTheGame
109,1593294810,RippleScam
110,1593294885,Shipbreaker
111,1593295122,Bitcoin
112,1593295911,btc
113,1593296267,Buttcoin
114,1593296377,DMAcademy
115,1593296982,Buttcoin
116,1593297175,Shipbreaker
117,1593297681,WeAreTheMusicMakers
118,1593298661,Bitcoin
119,1593299236,Toys_Best_Deals
120,1593299539,Buttcoin
121,1593299985,pathofexile
122,1593300654,Warframe
123,1593301701,oculus
124,1593302045,oculus
125,1593302951,Wellthatsucks
126,1593303091,PCOS
127,1593303609,asheville
128,1593303795,AdeptusMechanicus
129,1593303837,ARKSurvivalEvolved
130,1593305336,CryptoCurrency
131,1593305953,DestinyTheGame
132,1593306160,Shipbreaker
133,1593306327,functionalprint
134,1593306758,smashbros
135,1593307738,SuicideWatch
136,1593308371,jailbreak
137,1593309060,CrazyHand
138,1593309730,Astroneer
139,1593310086,SmashBrosUltimate
140,1593310424,photography
141,1593312285,ARK
142,1593312880,TranscribersOfReddit
143,1593313581,fantasy_workshop
144,1593313894,Brawlhalla
145,1593314490,DestinyTheGame
146,1593314843,btc
147,1593316485,DestinyTheGame
148,1593316857,Shipbreaker
149,1593317312,Warframe
150,1593318013,Bitcoin
151,1593318270,elderscrollsonline
152,1593318408,btc
153,1593318498,Buttcoin
154,1593318626,DestinyTheGame
155,1593318635,UsbCHardware
156,1593318719,DestinyTheGame
157,1593319249,DestinyTheGame
158,1593319742,Bitcoin
159,1593320920,survivinginfidelity
160,1593320943,nextfuckinglevel
161,1593321067,JUSTNOMIL
162,1593322563,btc
163,1593322854,btc
164,1593323357,Astroneer
165,1593324842,gpumining
166,1593326884,fantasy_workshop
167,1593327704,Astroneer
168,1593328138,Shipbreaker
169,1593328850,Shipbreaker
170,1593329367,whowouldwin
171,1593329443,galaxys10
172,1593329896,Crossout
173,1593330744,Shipbreaker
174,1593331385,Shipbreaker
175,1593333492,ProgrammerHumor
176,1593334147,elderscrollsonline
177,1593334769,SSBPM
178,1593335160,DestinyTheGame
179,1593335938,borussiadortmund
180,1593338282,AskReddit
181,1593338397,ARMS
182,1593338712,SuicideBereavement
183,1593339625,DestinyTheGame
184,1593342245,DestinyTheGame
185,1593345137,Phalanxed
186,1593349617,Buttcoin
187,1593349844,SmashBrosUltimate
188,1593350379,JustCause
189,1593350541,AdeptusMechanicus
190,1593350723,JustCause
191,1593351077,JustCause
192,1593351247,Physics
193,1593351448,TheLastOfUs2
194,1593351703,collapse
195,1593352201,ethfinance
196,1593352270,ethfinance
197,1593352534,ethfinance
198,1593353258,AmItheAsshole
199,1593353725,ethfinance
200,1593353773,RivalsOfAether
201,1593354021,PathOfExileBuilds
202,1593354377,CryptoCurrency
203,1593354921,pics
204,1593355036,minecraftsuggestions
205,1593355270,minecraftsuggestions
206,1593356094,ARKSurvivalEvolved
207,1593356180,DestinyTheGame
208,1593356320,Hunting
209,1593356987,DestinyTheGame
210,1593357166,BitcoinMarkets
211,1593357585,gifs
212,1593358418,gifs
213,1593358548,Bitcoin
214,1593358840,gifs
215,1593359141,SmashRage
216,1593359225,politics
217,1593359280,ARKSurvivalEvolved
218,1593359289,relationship_advice
219,1593360846,ethfinance
220,1593361251,ethfinance
221,1593361301,Tronix
222,1593361303,destinycirclejerk
223,1593361469,dayton
224,1593361561,destinycirclejerk
225,1593362207,PersonalFinanceCanada
226,1593362338,MinecraftCommands
227,1593362797,trashy
228,1593362829,CryptoCurrency
229,1593362911,transplant
230,1593363029,CPAP
231,1593363382,ethfinance
232,1593363896,custommagic
233,1593363942,DestinyTheGame
234,1593363994,chromeos
235,1593364147,Warframe
236,1593364335,Shipbreaker
237,1593365282,DestinyTheGame
238,1593365287,Warframe
239,1593365381,PSO2
240,1593365425,ARK
241,1593365465,AmItheAsshole
242,1593365525,iphone
243,1593365600,DestinyTheGame
244,1593365670,DestinyTheGame
245,1593366109,custommagic
246,1593366238,Chonkers
247,1593366608,DestinyTheGame
248,1593366946,CruciblePlaybook
249,1593367298,pathofexile
250,1593367302,SmashBrosUltimate
251,1593367395,gifs
252,1593367438,DestinyTheGame
253,1593367579,jailbreak
254,1593367701,nfl
255,1593368587,DestinyTheGame
256,1593368764,AtariChain
257,1593369174,DestinyTheGame
258,1593369741,audible
259,1593370264,SmashBrosUltimate
260,1593370581,CryptoCurrency
261,1593370874,SubSimulatorGPT2
262,1593371282,CryptoCurrency
263,1593371354,CryptoCurrency
264,1593371374,politics
265,1593371889,btc
266,1593372249,ffxiv
267,1593372640,IMDbFilmGeneral
268,1593373601,DestinyTheGame
269,1593374919,DestinyTheGame
270,1593375041,JustCause
271,1593375654,pathofexile
272,1593376802,CruciblePlaybook
273,1593377939,Buttcoin
274,1593378566,CryptoCurrency
275,1593378822,CryptoCurrency
276,1593379134,AskWomen
277,1593379262,pathofexile
278,1593379376,whatisthisthing
279,1593380366,Calyx
280,1593380644,pathofexile
281,1593380966,CryptoCurrency
282,1593381221,Calyx
283,1593381280,DestinyTheGame
284,1593381473,CruciblePlaybook
285,1593381503,ffxiv
286,1593381706,Depersonalization
287,1593382046,economy
288,1593382385,jeepdogs
289,1593383165,HardspaceShipbreaker
290,1593383579,collapse
291,1593383902,SmashBrosUltimate
292,1593384175,technology
293,1593384867,ffxivdiscussion
294,1593385164,AmItheAsshole
295,1593385359,technology
296,1593385674,CryptoCurrency
297,1593385820,CryptoCurrency
298,1593386904,DestinyTheGame
299,1593387200,technology
300,1593387522,HardspaceShipbreaker
301,1593387578,memeframe
302,1593388358,CryptoCurrency
303,1593388401,SmashBrosUltimate
304,1593388429,destiny2
305,1593388764,technology
306,1593389803,technology
307,1593389851,btc
308,1593390323,CryptoCurrency
309,1593390465,CPTSD
310,1593390483,CruciblePlaybook
311,1593390541,btc
312,1593390752,technology
313,1593390833,CryptoCurrency
314,1593391040,dogs
315,1593391371,Borderlands
316,1593391517,CryptoCurrency
317,1593392014,CryptoCurrency
318,1593392195,Shipbreaker
319,1593392223,Borderlands1
320,1593392251,urbanplanning
321,1593392318,CryptoCurrency
322,1593393066,spacex
323,1593393380,awfuleverything
324,1593393834,Astroneer
325,1593394253,oculus
326,1593394469,DestinyTheGame
327,1593395492,pathofexile
328,1593395628,TheLastAirbender
329,1593395709,Mastiff
330,1593396033,AskReddit
331,1593396379,PSP
332,1593397021,ffxiv
333,1593397287,ffxiv
334,1593397670,Shipbreaker
335,1593398011,CryptoCurrency
336,1593398028,btc
337,1593398738,wow
338,1593399202,TheMotte
339,1593399672,Calyx
340,1593399924,puppy101
341,1593400142,urbanplanning
342,1593400199,CryptoCurrency
343,1593400893,thelastofus
344,1593401413,pathofexile
345,1593401442,CryptoCurrency
346,1593401490,AskReddit
347,1593402973,ftm
348,1593403039,AskReddit
349,1593403382,apple
350,1593403456,SmashBrosUltimate
351,1593403577,WhereAreAllTheGoodMen
352,1593403583,urbanplanning
353,1593404493,debian
354,1593404519,CryptoCurrency
355,1593405166,puffco
356,1593405186,AmItheAsshole
357,1593405512,politics
358,1593406194,btc
359,1593407222,destiny2
360,1593407290,DestinyTheGame
361,1593407525,CryptoCurrency
362,1593408476,CryptoCurrency
363,1593409011,CryptoCurrency
364,1593409382,DotA2
365,1593409831,CryptoCurrency
366,1593409998,technology
367,1593410010,LivestreamFail
368,1593410015,AskReddit
369,1593410505,japanlife
370,1593410802,LivestreamFail
371,1593411272,bicycling
372,1593411301,CruciblePlaybook
373,1593412343,CryptoCurrency
374,1593412455,CryptoCurrency
375,1593412567,CryptoCurrency
376,1593412938,CryptoCurrency
377,1593413333,Shipbreaker
378,1593413892,MtF
379,1593414151,DotA2
380,1593414729,JUSTNOFAMILY
381,1593415108,ValveIndex
382,1593417104,SuicideWatch
383,1593418321,titanfall
384,1593418927,CryptoCurrency
385,1593419238,CryptoCurrency
386,1593419364,dogs
387,1593422089,Android
388,1593423354,Android
389,1593425560,omise_go
390,1593425794,thelastofus
391,1593426466,MazdaCX9
392,1593427832,CryptoCurrency
393,1593428041,UKPersonalFinance
394,1593428159,gopro
395,1593429063,FocusVCarta
396,1593429297,Warframe
397,1593430061,DestinyTheGame
398,1593430189,AmItheAsshole
399,1593430727,omise_go
400,1593431012,ValveIndex
401,1593431106,CryptoCurrency
402,1593431933,titanfall
403,1593432523,UFOs
404,1593432555,Reformed
405,1593432954,MinecraftCommands
406,1593433963,iOSBeta
407,1593434111,CryptoCurrency
408,1593434173,Smite
409,1593434275,Rural_Internet
410,1593434350,EchoArena
411,1593434806,BitcoinMarkets
412,1593435068,techtheatre
413,1593435139,canoecamping
414,1593435256,BitcoinMarkets
415,1593435285,BitcoinMarkets
416,1593435301,titanfall
417,1593435514,techsupport
418,1593435865,summonerschool
419,1593438257,Warframe
420,1593438304,MagicArena
421,1593438326,MagicArena
422,1593438447,DestinyTheGame
423,1593438625,titanfall
424,1593439108,DestinyTheGame
425,1593439329,elderscrollsonline
426,1593439497,ethfinance
427,1593440442,destiny2
428,1593440768,DDWRT
429,1593441071,Smite
430,1593441255,Sprint
431,1593441496,Astroneer
432,1593441782,WhereAreAllTheGoodMen
433,1593441901,ethtrader
434,1593441906,Astroneer
435,1593442720,destiny2
436,1593443245,destiny2
437,1593443311,SamsungDex
438,1593443365,titanfall
439,1593443434,outerwilds
440,1593443688,ethfinance
441,1593443813,rva
442,1593444043,Warframe
443,1593444248,ethfinance
444,1593444344,DestinyTheGame
445,1593444471,destiny2
446,1593444550,LabourUK
447,1593444596,destiny2
448,1593444651,destiny2
449,1593445610,technology
450,1593446101,Smite
451,1593446150,aww
452,1593446261,Bend
453,1593446713,LowSodiumDestiny
454,1593446982,Smite
455,1593446982,Smite
456,1593447034,omise_go
457,1593447043,CryptoCurrency
458,1593447158,CruciblePlaybook
459,1593447341,urbanplanning
460,1593447368,omise_go
461,1593447583,Crypto_General
462,1593447752,Dogtraining
463,1593447803,Smite
464,1593447887,CryptoCurrencyTrading
465,1593448155,technology
466,1593448594,Smite
467,1593448702,ethtrader
468,1593448851,btc
469,1593449369,AmItheAsshole
470,1593449457,ARKone
471,1593449533,btc
472,1593450138,ethtrader
473,1593450236,ethtrader
474,1593450595,ethtrader
475,1593450752,ElectricSkateboarding
476,1593450850,btc
477,1593450888,ElectricSkateboarding
478,1593450946,ElectricSkateboarding
479,1593450957,omise_go
480,1593451063,Shipbreaker
481,1593451146,destiny2
482,1593451282,SmashBrosUltimate
483,1593451378,destinylegacy
484,1593451526,SmashBrosUltimate
485,1593451569,tron
486,1593451711,ARKone
487,1593451832,DestinyTheGame
488,1593451869,ARKone
489,1593452237,ethtrader
490,1593452288,DestinyTheGame
491,1593452495,Eve
492,1593452726,jailbreak
493,1593452851,xmrtrader
494,1593453586,ethtrader
495,1593453975,CruciblePlaybook
496,1593454059,EchoArena
497,1593454083,BitcoinMarkets
498,1593454876,titanfall
499,1593454941,CryptoCurrency
500,1593455011,leagueoflegends
501,1593455063,CryptoCurrency
502,1593455288,FanTheories
503,1593456206,ValveIndex
504,1593456468,ethtrader
505,1593456605,Shipbreaker
506,1593456701,Psychosis
507,1593457201,urbanplanning
508,1593457232,Warframe
509,1593457533,ICOAnalysis
510,1593457562,pathofexile
511,1593457588,ethtrader
512,1593457634,smashbros
513,1593457735,DnB
514,1593458229,MotoUK
515,1593458229,Lowes
516,1593458791,titanfall
517,1593459151,NoContract
518,1593459320,smashbros
519,1593459717,smashbros
520,1593460371,spaceporn
521,1593460508,OttawaRaccoons
522,1593460893,destiny2
523,1593461164,SmashBrosUltimate
524,1593461176,pathofexile
525,1593461499,smashbros
526,1593461762,webdev
527,1593462144,webdev
528,1593463242,ShittyLifeProTips
529,1593463284,RomanceBooks
530,1593464001,destiny2
531,1593464827,ValveIndex
532,1593465336,spacex
533,1593465339,omise_go
534,1593465485,PathOfExileBuilds
535,1593466231,ethtrader
536,1593466660,ValveIndex
537,1593467242,DestinyTheGame
538,1593467362,relationship_advice
539,1593467417,DestinyTheGame
540,1593467500,DestinyTheGame
541,1593467525,DestinyTheGame
542,1593467613,DestinyTheGame
543,1593467761,webdev
544,1593467823,oculus
545,1593468386,JustCause
546,1593468393,DestinyTheGame
547,1593468775,destiny2
548,1593468927,elderscrollsonline
549,1593469349,Dogtraining
550,1593469543,DestinyTheGame
551,1593469772,JustCause
552,1593469773,Visible
553,1593471707,destiny2
554,1593471802,Bitcoin
555,1593472643,ImagineThisView
556,1593473208,pathofexile
557,1593474141,learndota2
558,1593474616,Random_Acts_Of_Amazon
559,1593475222,StardustCrusaders
560,1593475452,DestinyTheGame
561,1593475782,Psychedelics
562,1593476604,SmashBrosUltimate
563,1593477120,destiny2
564,1593477225,destiny2
565,1593477254,reactivedogs
566,1593477334,HardspaceShipbreaker
567,1593477564,destinycirclejerk
568,1593477567,pathofexile
569,1593478780,BlueGhost
570,1593479359,nursing
571,1593479537,buildapc
572,1593479786,buildapc
573,1593480687,DestinyTheGame
574,1593480749,titanfall
575,1593481364,destiny2
576,1593481954,destiny2
577,1593482016,Buttcoin
578,1593482275,Parenting
579,1593482302,DestinyTheGame
580,1593482642,HomeNetworking
581,1593483910,DestinyTheGame
582,1593484580,Frugal
583,1593484682,dresdenfiles
584,1593485246,robotics
585,1593485306,smashbros
586,1593486223,techsupport
587,1593486592,DnD
588,1593487446,nocturnemains
589,1593487534,AskReddit
590,1593487607,photomarket
591,1593488715,AMA
592,1593489625,Smite
593,1593490129,destiny2
594,1593490209,windowsphone
595,1593490647,oculusnsfw
596,1593491041,SpaceflightSimulator
597,1593491257,australia
598,1593491646,DestinyTheGame
599,1593491664,AvatarMemes
600,1593492308,RatchetAndClank
601,1593492410,destiny2
602,1593492533,leagueoflegends
603,1593492782,SecurityAnalysis
604,1593492952,legendofkorra
605,1593494328,smashbros
606,1593494754,news
607,1593495320,BossfightUniverse
608,1593495411,DestinyTheGame
609,1593495461,magicbuilding
610,1593495587,spaceporn
611,1593495831,leagueoflegends
612,1593496296,Shipbreaker
613,1593496730,FortNiteBR
614,1593497262,Shipbreaker
615,1593498039,smashbros
616,1593498221,DestinyTheGame
617,1593498674,politics
618,1593498733,smashbros
619,1593498864,smashbros
620,1593499476,DestinyTheGame
621,1593500995,DestinyTheGame
622,1593501517,Shipbreaker
623,1593501828,DestinyTheGame
624,1593505445,Shipbreaker
625,1593505483,space
626,1593506344,PathOfExileBuilds
627,1593506589,smashbros
628,1593509369,destiny2
629,1593510436,raidsecrets
630,1593510672,Shipbreaker
631,1593510990,foodphotography
632,1593511011,Overwatch
633,1593511127,ethfinance
634,1593511193,ethfinance
635,1593512228,legendofkorra
636,1593512560,btc
637,1593512892,Shipbreaker
638,1593513382,SonyXperia
639,1593513956,Shipbreaker
640,1593514350,DestinyTheGame
641,1593514571,destiny2
642,1593514681,onions
643,1593515477,Shipbreaker
644,1593515837,ethfinance
645,1593516309,tasker
646,1593517041,DMAcademy
647,1593517261,tasker
648,1593518079,SmashRage
649,1593518832,CryptoCurrency
650,1593519064,dating
651,1593519537,DestinyTheGame
652,1593519716,2007scape
653,1593519782,cardano
654,1593520703,DestinyTheGame
655,1593521559,SmashBrosUltimate
656,1593522229,destiny2
657,1593523078,tasker
658,1593523882,DestinyTheGame
659,1593524073,mbti
660,1593524118,omise_go
661,1593524524,tasker
662,1593524659,cardano
663,1593524913,Shipbreaker
664,1593524953,Dogtraining
665,1593525307,EngineeringPorn
666,1593525398,AskReddit
667,1593526081,expanserpg
668,1593528326,Warframe
669,1593528521,DestinyTheGame
670,1593528553,Lightroom
671,1593528921,DestinyTheGame
672,1593529099,Eve
673,1593529597,DestinyTheGame
674,1593529934,britishproblems
675,1593530137,askscience
676,1593530385,triathlon
677,1593530528,puppy101
678,1593530570,Shipbreaker
679,1593530732,SmashBrosUltimate
680,1593530732,DestinyTheGame
681,1593531512,DestinyTheGame
682,1593531737,CruciblePlaybook
683,1593532328,mtgfinance
684,1593532497,DudeFuckThat
685,1593533110,Dogtraining
686,1593533983,Dogtraining
687,1593534186,WallStreetResearch
688,1593534439,SmashBrosUltimate
689,1593535001,AMA
690,1593535629,DestinyTheGame
691,1593535798,ethfinance
692,1593536413,destiny2
693,1593536425,smashbros
694,1593537284,Shipbreaker
695,1593537297,HomeNetworking
696,1593537345,DestinyTheGame
697,1593537834,DestinyTheGame
698,1593538345,Warframe
699,1593538409,DestinyTheGame
700,1593538444,awakened
701,1593538707,Shipbreaker
702,1593538732,LowSodiumDestiny
703,1593539504,awakened
704,1593539792,PSO2
705,1593539807,Dogtraining
706,1593539896,destiny2
707,1593539897,pihole
708,1593540104,Visible
709,1593540121,puppy101
710,1593540241,libertarianmeme
711,1593540315,DestinyTheGame
712,1593540606,smashbros
713,1593541423,IdiotsInCars
714,1593541670,DestinyTheGame
715,1593542437,DestinyTheGame
716,1593543016,LowSodiumDestiny
717,1593543082,DestinyTheGame
718,1593543547,Grimdawn
719,1593544385,Buttcoin
720,1593544553,NoStupidQuestions
721,1593545178,Smite
722,1593546402,DnD5e
723,1593546405,Shipbreaker
724,1593546742,DestinyTheGame
725,1593546911,NintendoSwitch
726,1593547044,Shipbreaker
727,1593547140,DestinyTheGame
728,1593547228,Shipbreaker
729,1593547573,JackSucksAtLife
730,1593548315,DestinyTheGame
731,1593548698,smashbros
732,1593548724,golf
733,1593548828,Monero
734,1593549145,domesticviolence
735,1593549206,austrian_economics
736,1593549535,ethfinance
737,1593549841,Warframe
738,1593549980,ThatsInsane
739,1593550210,oculus
740,1593550672,GodhoodWB
741,1593551544,TheDickShow
742,1593551778,ethfinance
743,1593552115,AdeptusMechanicus
744,1593552430,intelnuc
745,1593552442,BitcoinMarkets
746,1593552707,CryptoCurrency
747,1593553156,SmashBrosUltimate
748,1593553985,smashbros
749,1593554503,tacticalgear
750,1593554528,Shipbreaker
751,1593554560,smashbros
752,1593554639,ethereum
753,1593555041,IWantOut
754,1593555294,pokemonribbons
755,1593555316,JustCause
756,1593555681,Eve
757,1593555695,raidsecrets
758,1593555799,puppy101
759,1593556384,SOURCEvapesVersa
760,1593556445,distantsocializing
761,1593556512,CAguns
762,1593556592,SOURCEvapesVersa
763,1593556734,SOURCEvapesVersa
764,1593556774,Warframe
765,1593556809,SOURCEvapesVersa
766,1593556931,oculus
767,1593557121,CAguns
768,1593557182,sequester
769,1593557378,DestinyTheGame
770,1593557514,Bellingham
771,1593557605,DestinyTheGame
772,1593557819,broodwar
773,1593557853,Shipbreaker
774,1593558051,AMA
775,1593558217,space
776,1593558265,CryptoCurrency
777,1593558482,CryptoCurrency
778,1593558636,CryptoCurrency
779,1593558766,IdiotsInCars
780,1593558937,destiny2
781,1593559557,DestinyTheGame
782,1593559579,DestinyTheGame
783,1593559713,SmashBrosUltimate
784,1593560243,raidsecrets
785,1593561009,CryptoCurrency
786,1593561790,PublicFreakout
787,1593561873,Monero
788,1593562492,DestinyTheGame
789,1593563565,AmItheAsshole
790,1593563740,OldSchoolCool
791,1593564196,DestinyTheGame
792,1593564447,arkps4
793,1593564468,SmashBrosUltimate
794,1593564572,destiny2
795,1593564989,kayakfishing
796,1593565828,destiny2
797,1593566186,AskReddit
798,1593566217,Shipbreaker
799,1593566416,LaserCleaningPorn
800,1593566637,SmashBrosUltimate
801,1593566789,nextfuckinglevel
802,1593567166,hmmm
803,1593567400,Conservative
804,1593568892,VirtualBoy
805,1593569069,LineageOS
806,1593569103,SmashBrosUltimate
807,1593569565,Shipbreaker
808,1593570321,BitcoinBeginners
809,1593572194,destiny2
810,1593572200,CryptoCurrency
811,1593572224,apple
812,1593572336,SSBM
813,1593572396,smashbros
814,1593572430,Eve
815,1593572683,CryptoCurrency
816,1593572765,smashbros
817,1593573129,Shipbreaker
818,1593573398,Shipbreaker
819,1593573460,DarK
820,1593573659,SSBM
821,1593574361,SSBM
822,1593574444,Comcast
823,1593574998,news
824,1593575007,SmashBrosUltimate
825,1593575307,Eve
826,1593575728,DestinyTheGame
827,1593575994,news
