Date,Bitcoin Low,Etheremum Low,Dogecoin Low,Cardano Low
2018-05-31,7407.33984375,567.6649780273438,0.0033360000234097242,0.2169550061225891
2018-06-01,7497.259765625,577.322021484375,0.0034000000450760126,0.21924200654029846
2018-06-02,7613.0400390625,591.2589721679688,0.003544999985024333,0.2251179963350296
2018-06-03,7474.0400390625,583.7470092773438,0.0035119999665766954,0.21229000389575958
2018-06-04,7397.0,580.9819946289062,0.003513999981805682,0.20481500029563904
2018-06-05,7502.009765625,596.39599609375,0.0035729999653995037,0.21070800721645355
2018-06-06,7650.81982421875,601.6929931640625,0.0037070000544190407,0.20957300066947937
2018-06-07,7558.39990234375,595.593017578125,0.0036329999566078186,0.20263400673866272
2018-06-08,7531.97998046875,597.56201171875,0.0035929998848587275,0.20209099352359772
2018-06-09,6709.06982421875,511.8890075683594,0.0031510000117123127,0.1711290031671524
2018-06-10,6706.6298828125,515.2689819335938,0.003102000104263425,0.16789300739765167
2018-06-11,6542.080078125,491.2349853515625,0.003074999898672104,0.1627880036830902
2018-06-12,6285.6298828125,459.0039978027344,0.0027779999654740095,0.15120400488376617
2018-06-13,6334.4599609375,467.46600341796875,0.002810999983921647,0.15536899864673615
2018-06-14,6433.8701171875,487.468994140625,0.002836999949067831,0.16192899644374847
2018-06-15,6402.2900390625,488.85101318359375,0.002828999888151884,0.15985600650310516
2018-06-16,6499.27001953125,498.64801025390625,0.0028729999903589487,0.1610269993543625
2018-06-17,6446.68017578125,494.0660095214844,0.002830999903380871,0.1567080020904541
2018-06-18,6709.919921875,516.31201171875,0.0029559999238699675,0.16211700439453125
2018-06-19,6611.8798828125,519.3690185546875,0.0029440000653266907,0.15679700672626495
2018-06-20,6715.169921875,524.2589721679688,0.002968000015243888,0.15755100548267365
2018-06-21,6006.60009765625,456.87701416015625,0.0026000000070780516,0.13742899894714355
2018-06-22,6071.81005859375,462.39300537109375,0.002584999892860651,0.13485200703144073
2018-06-23,5826.41015625,426.468994140625,0.002331000054255128,0.12196200340986252
2018-06-24,6119.68017578125,448.89599609375,0.002392000053077936,0.1285559982061386
2018-06-25,6093.669921875,432.7720031738281,0.002457000082358718,0.12609900534152985
2018-06-26,6052.85009765625,424.8389892578125,0.0023350000847131014,0.12392500042915344
2018-06-27,5873.0498046875,419.6830139160156,0.0023330000694841146,0.11849799752235413
2018-06-28,5835.75,407.9469909667969,0.0022929999977350235,0.11467400193214417
2018-06-29,6214.22021484375,436.2090148925781,0.0024210000410676003,0.12603600323200226
2018-06-30,6289.2900390625,446.385009765625,0.0024560000747442245,0.13386599719524384
2018-07-01,6305.7001953125,447.1109924316406,0.002429000101983547,0.13863900303840637
2018-07-02,6447.75,462.5820007324219,0.0026179999113082886,0.14946100115776062
2018-07-03,6450.4599609375,455.18499755859375,0.0025869999080896378,0.14688299596309662
2018-07-04,6546.64990234375,464.6289978027344,0.002578000072389841,0.14510400593280792
2018-07-05,6533.5498046875,457.614990234375,0.0025510000996291637,0.13947300612926483
2018-07-06,6579.240234375,466.83599853515625,0.0025470000691711903,0.13890400528907776
2018-07-07,6747.97998046875,488.4169921875,0.0025730000343173742,0.14476199448108673
2018-07-08,6724.33984375,475.17498779296875,0.0025949999690055847,0.13994799554347992
2018-07-09,6320.72021484375,433.9599914550781,0.002242000075057149,0.12879200279712677
2018-07-10,6330.47021484375,429.5069885253906,0.0023529999889433384,0.12646600604057312
2018-07-11,6136.419921875,422.80999755859375,0.0022440000902861357,0.12315399944782257
2018-07-12,6192.240234375,430.7409973144531,0.0022070000413805246,0.12602700293064117
2018-07-13,6212.22021484375,431.4739990234375,0.0021869998890906572,0.13385100662708282
2018-07-14,6256.509765625,433.9209899902344,0.002319999970495701,0.13527700304985046
2018-07-15,6357.009765625,446.7980041503906,0.002366000087931752,0.14097799360752106
2018-07-16,6684.169921875,468.9150085449219,0.0028009999077767134,0.1503790020942688
2018-07-17,7280.47021484375,474.3590087890625,0.003189000068232417,0.1702989935874939
2018-07-18,7295.4599609375,465.1419982910156,0.0034809999633580446,0.17231200635433197
2018-07-19,7323.259765625,443.6929931640625,0.0032939999364316463,0.16164399683475494
2018-07-20,7262.41015625,445.7760009765625,0.003217000048607588,0.1557289958000183
2018-07-21,7383.81982421875,458.1189880371094,0.003278000047430396,0.1630609929561615
2018-07-22,7409.10009765625,449.7279968261719,0.003418999956920743,0.16402800381183624
2018-07-23,7705.5,450.56500244140625,0.003389999968931079,0.16127899289131165
2018-07-24,8086.35986328125,466.4739990234375,0.0033130000811070204,0.1668200045824051
2018-07-25,7878.7099609375,461.42401123046875,0.0033539999276399612,0.16249699890613556
2018-07-26,7839.759765625,458.2909851074219,0.0032840000931173563,0.15666000545024872
2018-07-27,8110.77001953125,462.989013671875,0.0033889999613165855,0.1600240021944046
2018-07-28,8141.18017578125,462.7120056152344,0.003286000108346343,0.16041900217533112
2018-07-29,7917.5,448.6409912109375,0.003031000029295683,0.14927999675273895
2018-07-30,7696.93017578125,430.4440002441406,0.0028570001013576984,0.1407729983329773
2018-07-31,7504.9501953125,410.4639892578125,0.0028280001133680344,0.13718000054359436
2018-08-01,7523.43994140625,410.3089904785156,0.0029269999358803034,0.13046899437904358
2018-08-02,7328.64990234375,399.9100036621094,0.0028460000175982714,0.12454500049352646
2018-08-03,6984.06982421875,403.7760009765625,0.002736999886110425,0.1254120022058487
2018-08-04,6940.7001953125,402.4320068359375,0.002733000088483095,0.12551699578762054
2018-08-05,6890.5400390625,403.31500244140625,0.002739999908953905,0.1281609982252121
2018-08-06,6748.240234375,376.0769958496094,0.0026599999982863665,0.12460099905729294
2018-08-07,6226.22021484375,353.7340087890625,0.0023960000835359097,0.112636998295784
2018-08-08,6249.06982421875,353.614013671875,0.002380999969318509,0.11450699716806412
2018-08-09,6124.52001953125,329.58599853515625,0.002365000080317259,0.1137470006942749
2018-08-10,6109.02978515625,308.4880065917969,0.0023449999280273914,0.10919500142335892
2018-08-11,6237.5,318.60198974609375,0.002360000042244792,0.1116579994559288
2018-08-12,6225.72021484375,284.9339904785156,0.0022849999368190765,0.10269799828529358
2018-08-13,5971.0498046875,254.64999389648438,0.0021430000197142363,0.08695100247859955
2018-08-14,6221.419921875,280.1189880371094,0.0022479998879134655,0.09466499835252762
2018-08-15,6276.41015625,280.9280090332031,0.0022269999608397484,0.09319800138473511
2018-08-16,6324.97021484375,287.34600830078125,0.0022849999368190765,0.09517200291156769
2018-08-17,6353.72998046875,286.5509948730469,0.002368000103160739,0.0974849984049797
2018-08-18,6361.5498046875,291.3320007324219,0.002366000087931752,0.09811999648809433
2018-08-19,6297.93017578125,273.510986328125,0.002360000042244792,0.0936179980635643
2018-08-20,6298.240234375,273.33099365234375,0.0023620000574737787,0.09191899746656418
2018-08-21,6310.10986328125,264.99798583984375,0.002311999909579754,0.08808799833059311
2018-08-22,6371.33984375,271.0899963378906,0.0023129999171942472,0.08916500210762024
2018-08-23,6498.64013671875,273.8599853515625,0.0023539999965578318,0.09094800055027008
2018-08-24,6700.9599609375,278.47100830078125,0.002355000004172325,0.09234999865293503
2018-08-25,6620.75,272.4440002441406,0.0022879999596625566,0.0914049968123436
2018-08-26,6689.7099609375,273.6499938964844,0.0023870000150054693,0.09252200275659561
2018-08-27,6882.33984375,283.5719909667969,0.0024510000366717577,0.10003200173377991
2018-08-28,6970.81982421875,287.2869873046875,0.0025160000659525394,0.10218600183725357
2018-08-29,6834.68994140625,275.21099853515625,0.002595999976620078,0.09728600084781647
2018-08-30,6920.16015625,278.51300048828125,0.0032130000181496143,0.09925500303506851
2018-08-31,7038.0498046875,283.4960021972656,0.004337000194936991,0.10187699645757675
2018-09-01,7132.16015625,290.9259948730469,0.004548000171780586,0.10251100361347198
2018-09-02,7208.14990234375,287.4320068359375,0.004985000006854534,0.10252899676561356
2018-09-03,7255.43994140625,284.2550048828125,0.005055000074207783,0.10338500142097473
2018-09-04,6792.830078125,232.33099365234375,0.004809000063687563,0.08756899833679199
2018-09-05,6404.72021484375,218.1230010986328,0.004664999898523092,0.08313000202178955
2018-09-06,6396.8701171875,217.0749969482422,0.0049959998577833176,0.08345600217580795
2018-09-07,6197.52001953125,193.25900268554688,0.005297999829053879,0.07750499993562698
2018-09-08,6201.22021484375,188.30599975585938,0.0057020001113414764,0.0750259980559349
2018-09-09,6292.759765625,189.58399963378906,0.005840000230818987,0.07220900058746338
2018-09-10,6260.2099609375,180.5959930419922,0.0059529999271035194,0.06714499741792679
2018-09-11,6265.08984375,170.2570037841797,0.006192999891936779,0.0617079995572567
2018-09-12,6354.240234375,183.6790008544922,0.006409999914467335,0.06571699678897858
2018-09-13,6456.169921875,204.87100219726562,0.006095000077039003,0.06610699743032455
2018-09-14,6493.5498046875,209.6060028076172,0.006134000141173601,0.06779800355434418
2018-09-15,6460.10009765625,211.1179962158203,0.006140999961644411,0.06661999970674515
2018-09-16,6257.52001953125,195.30799865722656,0.006155999843031168,0.06341499835252762
2018-09-17,6265.7099609375,195.9340057373047,0.005789000075310469,0.06259900331497192
2018-09-18,6208.33984375,201.656005859375,0.00535999983549118,0.06741300225257874
2018-09-19,6395.9501953125,207.78900146484375,0.0056050000712275505,0.07151400297880173
2018-09-20,6496.35986328125,221.56700134277344,0.005553000140935183,0.08122999966144562
2018-09-21,6616.7998046875,233.80999755859375,0.0056039998307824135,0.08032599836587906
2018-09-22,6679.419921875,237.85699462890625,0.005735999904572964,0.08289399743080139
2018-09-23,6580.89990234375,227.49000549316406,0.005659000016748905,0.08231399953365326
2018-09-24,6381.85986328125,206.49000549316406,0.00558699993416667,0.07537800073623657
2018-09-25,6397.89013671875,209.11300659179688,0.005661999806761742,0.07717200368642807
2018-09-26,6464.9501953125,212.6540069580078,0.0056929998099803925,0.07842099666595459
2018-09-27,6598.31982421875,218.66900634765625,0.0057830000296235085,0.08204499632120132
2018-09-28,6511.64990234375,216.0780029296875,0.005764999892562628,0.08170799911022186
2018-09-29,6566.5400390625,228.44500732421875,0.0058280001394450665,0.0834209993481636
2018-09-30,6549.080078125,226.94500732421875,0.005880999844521284,0.08263599872589111
2018-10-01,6537.89990234375,225.83799743652344,0.005789000075310469,0.0823879987001419
2018-10-02,6454.02978515625,213.9709930419922,0.005654999986290932,0.07917500287294388
2018-10-03,6497.91015625,220.08999633789062,0.005576000083237886,0.08053400367498398
2018-10-04,6557.41015625,220.95700073242188,0.005625000223517418,0.08068999648094177
2018-10-05,6577.7998046875,224.24600219726562,0.005483000073581934,0.08098500221967697
2018-10-06,6557.0400390625,222.99600219726562,0.005512000061571598,0.08074100315570831
2018-10-07,6576.0400390625,224.5570068359375,0.005549999885261059,0.08319800347089767
2018-10-08,6606.93994140625,226.4010009765625,0.0055740000680089,0.08446100354194641
2018-10-09,6538.9599609375,224.4949951171875,0.005530999973416328,0.08354199677705765
2018-10-10,6243.740234375,189.2830047607422,0.004900999832898378,0.07002600282430649
2018-10-11,6236.47021484375,188.70700073242188,0.00495699979364872,0.0698390007019043
2018-10-12,6259.81005859375,196.36399841308594,0.005162999965250492,0.0724710002541542
2018-10-13,6280.14990234375,195.2429962158203,0.0051449998281896114,0.07071500271558762
2018-10-14,6258.68017578125,194.15899658203125,0.005123999901115894,0.06977300345897675
2018-10-15,6571.3701171875,207.98399353027344,0.004966000095009804,0.07439199835062027
2018-10-16,6517.4501953125,205.92799377441406,0.0044929999858140945,0.07510200142860413
2018-10-17,6450.0400390625,201.7429962158203,0.004335999954491854,0.07425999641418457
2018-10-18,6445.31005859375,201.843994140625,0.004273000173270702,0.07442700117826462
2018-10-19,6449.0,203.0850067138672,0.004443000070750713,0.07520200312137604
2018-10-20,6476.0,204.62100219726562,0.0045090001076459885,0.07560200244188309
2018-10-21,6462.97998046875,203.3769989013672,0.004356999881565571,0.07514499872922897
2018-10-22,6451.27001953125,201.91099548339844,0.004135999828577042,0.07307200133800507
2018-10-23,6468.85986328125,203.35400390625,0.0038590000476688147,0.07415000349283218
2018-10-24,6447.02978515625,201.822998046875,0.00367600005120039,0.0731630027294159
2018-10-25,6449.60986328125,201.55099487304688,0.003703000023961067,0.07267899811267853
2018-10-26,6453.52978515625,203.12600708007812,0.004011000040918589,0.0728679969906807
2018-10-27,6447.91015625,203.5229949951172,0.0040350002236664295,0.07236099988222122
2018-10-29,6306.990234375,195.73399353027344,0.0038350000977516174,0.0688989982008934
2018-10-30,6310.14013671875,196.3509979248047,0.0038189999759197235,0.06922599673271179
2018-10-31,6316.8798828125,196.531005859375,0.0036899999249726534,0.06788299977779388
2018-11-01,6311.830078125,197.3280029296875,0.0037529999390244484,0.06911899894475937
2018-11-02,6327.3798828125,198.7550048828125,0.003745000110939145,0.07078800350427628
2018-11-03,6342.3701171875,199.52499389648438,0.0037299999967217445,0.07082200050354004
2018-11-04,6294.56982421875,198.98599243164062,0.00367600005120039,0.0712909996509552
2018-11-05,6363.6201171875,206.572998046875,0.003616000059992075,0.07474499940872192
2018-11-06,6408.16015625,207.8939971923828,0.003616000059992075,0.07633700221776962
2018-11-07,6468.31005859375,216.79600524902344,0.0036249998956918716,0.07801699638366699
2018-11-08,6438.52978515625,212.19900512695312,0.0033770001027733088,0.07626300305128098
2018-11-09,6373.3701171875,209.51499938964844,0.0030950000509619713,0.07391200214624405
2018-11-10,6385.31005859375,209.80499267578125,0.003092000028118491,0.0740559995174408
2018-11-11,6350.169921875,208.8679962158203,0.0031419999431818724,0.07443799823522568
2018-11-12,6360.47021484375,208.9239959716797,0.00303900009021163,0.0749489963054657
2018-11-13,6342.669921875,206.13499450683594,0.0029430000577121973,0.07325199991464615
2018-11-14,5544.08984375,174.08399963378906,0.002612000098451972,0.061799999326467514
2018-11-15,5358.3798828125,170.18899536132812,0.0025110000278800726,0.05824999883770943
2018-11-16,5498.93994140625,173.12600708007812,0.00266700005158782,0.060242000967264175
2018-11-17,5519.56005859375,172.86900329589844,0.0025629999581724405,0.059553999453783035
2018-11-18,5559.740234375,174.1750030517578,0.002575000049546361,0.06080299988389015
2018-11-19,4842.91015625,147.8509979248047,0.00241499999538064,0.05198900029063225
2018-11-20,4272.10986328125,126.36000061035156,0.0021840000990778208,0.0428679995238781
2018-11-21,4343.97998046875,125.75800323486328,0.002174000022932887,0.04302699863910675
2018-11-22,4365.64013671875,126.70600128173828,0.002343999920412898,0.04425499960780144
2018-11-23,4195.68017578125,119.55899810791016,0.0022899999748915434,0.04167100042104721
2018-11-24,3795.159912109375,110.82499694824219,0.002193999942392111,0.03693300113081932
2018-11-25,3585.06005859375,101.7699966430664,0.0020729999523609877,0.03279799968004227
2018-11-26,3643.919921875,104.89299774169922,0.00203999993391335,0.03411699831485748
2018-11-27,3661.010009765625,102.4520034790039,0.002005999907851219,0.034028999507427216
2018-11-28,3822.469970703125,110.197998046875,0.0020830000285059214,0.03650999814271927
2018-11-29,4145.76513671875,115.29769134521484,0.0021860001143068075,0.039716001600027084
2018-11-30,3942.822021484375,111.74496459960938,0.0021299999207258224,0.037721000611782074
2018-12-01,3969.710693359375,111.61912536621094,0.0021550001110881567,0.03815700113773346
2018-12-02,4110.978515625,116.092041015625,0.002216000109910965,0.04069000110030174
2018-12-03,3840.4462890625,107.41565704345703,0.0021440000273287296,0.038026999682188034
2018-12-04,3832.75,107.40271759033203,0.002171000000089407,0.037386998534202576
2018-12-05,3753.994873046875,102.47555541992188,0.0021430000197142363,0.034251000732183456
2018-12-06,3521.101806640625,91.76105499267578,0.002096999902278185,0.03079799935221672
2018-12-07,3280.228759765625,83.46971893310547,0.0020310000982135534,0.027393000200390816
2018-12-08,3350.650634765625,86.82566833496094,0.002067999914288521,0.028867000713944435
2018-12-09,3469.09423828125,91.03128051757812,0.0020890000741928816,0.030226999893784523
2018-12-10,3470.14453125,90.65425109863281,0.002073999959975481,0.029805999249219894
2018-12-11,3392.25,87.68840789794922,0.0020649998914450407,0.028914999216794968
2018-12-12,3413.4814453125,88.26355743408203,0.002076999982818961,0.029304999858140945
2018-12-13,3298.132080078125,85.518310546875,0.002044999971985817,0.0290290005505085
2018-12-14,3206.542236328125,83.22647857666016,0.002056000055745244,0.027912000194191933
2018-12-15,3191.303466796875,82.82988739013672,0.0020630001090466976,0.02779100090265274
2018-12-16,3233.81982421875,84.46940612792969,0.0021009999327361584,0.02818799950182438
2018-12-17,3253.123046875,85.38211059570312,0.002119000069797039,0.029099000617861748
2018-12-18,3487.169189453125,92.96852111816406,0.0024709999561309814,0.03216699883341789
2018-12-19,3687.22998046875,100.69145965576172,0.002561999950557947,0.03449099883437157
2018-12-20,3728.974609375,100.63996124267578,0.0026100000832229853,0.034026000648736954
2018-12-21,3850.9462890625,107.58479309082031,0.0025100000202655792,0.03863200172781944
2018-12-22,3855.739013671875,107.50316619873047,0.0024160000029951334,0.03861299902200699
2018-12-23,3976.40576171875,117.27389526367188,0.0024999999441206455,0.041818998754024506
2018-12-24,4000.331787109375,130.64166259765625,0.0025400000158697367,0.04428600147366524
2018-12-25,3760.0205078125,125.11328887939453,0.002317999955266714,0.039243001490831375
2018-12-26,3769.86376953125,126.29290771484375,0.002394000068306923,0.039076000452041626
2018-12-27,3645.448486328125,115.65010070800781,0.0023640000727027655,0.03654799982905388
2018-12-28,3642.632080078125,115.69313049316406,0.0023040000814944506,0.03650100156664848
2018-12-29,3820.40869140625,134.57017517089844,0.0023880000226199627,0.04120999947190285
2018-12-30,3797.21923828125,133.98233032226562,0.002340999897569418,0.040842000395059586
2018-12-31,3725.867431640625,132.51939392089844,0.0023250000085681677,0.04049300029873848
2019-01-01,3707.231201171875,132.6507110595703,0.0023219999857246876,0.04030799865722656
2019-01-02,3817.409423828125,140.6509552001953,0.0023719999007880688,0.04198199883103371
2019-01-03,3826.222900390625,147.1983642578125,0.0023560000117868185,0.042534999549388885
2019-01-04,3783.853759765625,147.9071044921875,0.002274000085890293,0.04247700050473213
2019-01-05,3836.900146484375,154.33741760253906,0.0022799998987466097,0.04334999993443489
2019-01-06,3826.51318359375,152.08592224121094,0.0022909999825060368,0.04470900073647499
2019-01-07,4020.89404296875,151.15072631835938,0.0022750000935047865,0.047579001635313034
2019-01-08,3996.955322265625,148.66954040527344,0.0022609999869018793,0.04674899950623512
2019-01-09,4022.662841796875,150.2883758544922,0.002254999941214919,0.04853300005197525
2019-01-10,3659.174560546875,126.52937316894531,0.002085000043734908,0.04275599867105484
2019-01-11,3653.06982421875,125.24494171142578,0.002104999963194132,0.04274899885058403
2019-01-12,3653.810791015625,125.4467544555664,0.0021150000393390656,0.04309900104999542
2019-01-13,3544.92724609375,116.08596801757812,0.0020830000285059214,0.039806999266147614
2019-01-14,3552.28515625,116.96755981445312,0.002096999902278185,0.0402039997279644
2019-01-15,3619.94921875,120.3115234375,0.0020979999098926783,0.042045000940561295
2019-01-16,3624.67333984375,121.44141387939453,0.0020840000361204147,0.042514000087976456
2019-01-17,3621.9609375,120.81703186035156,0.0020800000056624413,0.04402400180697441
2019-01-18,3637.080810546875,120.24189758300781,0.0020840000361204147,0.043956998735666275
2019-01-19,3652.3779296875,121.1610336303711,0.0020890000741928816,0.04398399963974953
2019-01-20,3583.01953125,118.70232391357422,0.002082000020891428,0.042552001774311066
2019-01-21,3558.537109375,116.15744018554688,0.002065999899059534,0.0425340011715889
2019-01-22,3539.721435546875,114.67668151855469,0.00203300011344254,0.04187599942088127
2019-01-23,3565.31396484375,116.37664794921875,0.0020210000220686197,0.042695000767707825
2019-01-24,3569.0927734375,116.00679779052734,0.0020129999611526728,0.04253700003027916
2019-01-25,3575.597412109375,115.83015441894531,0.00202700006775558,0.04245400056242943
2019-01-26,3593.345947265625,115.98057556152344,0.00203000009059906,0.04253299906849861
2019-01-27,3567.245849609375,113.40528869628906,0.0020089999306946993,0.04089700058102608
2019-01-28,3439.23291015625,103.33646392822266,0.001927000004798174,0.037282999604940414
2019-01-29,3400.81982421875,103.99922943115234,0.001917000045068562,0.03704399988055229
2019-01-30,3429.387939453125,104.84379577636719,0.001914000022225082,0.03779799863696098
2019-01-31,3447.915771484375,106.52535247802734,0.0019120000069960952,0.03795300051569939
2019-02-01,3431.591552734375,105.04650115966797,0.001892999978736043,0.03711700066924095
2019-02-02,3467.57470703125,106.7640151977539,0.001896000001579523,0.03822200000286102
2019-02-03,3447.92431640625,106.5639877319336,0.0018899999558925629,0.0378119982779026
2019-02-04,3442.5869140625,107.06742095947266,0.0018769999733194709,0.03779599815607071
2019-02-05,3451.93701171875,106.90989685058594,0.001879999996162951,0.03744399920105934
2019-02-06,3398.5654296875,102.93456268310547,0.0018370000179857016,0.03606000170111656
2019-02-07,3394.218505859375,104.40913391113281,0.0018390000332146883,0.03633200004696846
2019-02-08,3391.023681640625,104.1944351196289,0.0018350000027567148,0.0362280011177063
2019-02-09,3646.559326171875,118.00040435791016,0.0019229999743402004,0.040456000715494156
2019-02-10,3640.97998046875,117.10577392578125,0.0019120000069960952,0.04000699892640114
2019-02-11,3642.287841796875,120.31175231933594,0.0018990000244230032,0.041485000401735306
2019-02-12,3618.556884765625,119.60002136230469,0.0018729999428614974,0.04063500091433525
2019-02-13,3617.246337890625,121.61249542236328,0.0018850000342354178,0.04104800149798393
2019-02-14,3607.69775390625,121.33489227294922,0.0018850000342354178,0.04022200033068657
2019-02-15,3608.20654296875,121.37191772460938,0.0018889999482780695,0.04025299847126007
2019-02-16,3615.270263671875,122.29530334472656,0.0018949999939650297,0.0405689999461174
2019-02-17,3619.18212890625,123.09161376953125,0.0019150000298395753,0.04061200097203255
2019-02-18,3669.982421875,133.00193786621094,0.001993000041693449,0.04137999936938286
2019-02-19,3908.153076171875,145.1284637451172,0.002056000055745244,0.0456559993326664
2019-02-20,3926.246826171875,142.5021209716797,0.0020439999643713236,0.0452909991145134
2019-02-21,3940.108154296875,144.56381225585938,0.002022000029683113,0.04473999887704849
2019-02-22,3950.81640625,145.20654296875,0.0020240000449121,0.04483800008893013
2019-02-23,3968.726806640625,147.3310546875,0.00203399988822639,0.045719001442193985
2019-02-24,3793.708984375,135.8526611328125,0.0019549999851733446,0.04206399992108345
2019-02-25,3807.00244140625,135.4838409423828,0.001930000027641654,0.04216799885034561
2019-02-26,3837.986328125,136.57960510253906,0.0019920000340789557,0.04279800131917
2019-02-27,3787.058837890625,131.60292053222656,0.0019539999775588512,0.042096998542547226
2019-02-28,3845.8212890625,135.6575927734375,0.0019680000841617584,0.04294800013303757
2019-03-01,3851.6923828125,136.43478393554688,0.0019759999122470617,0.04307800158858299
2019-03-02,3832.1279296875,132.43638610839844,0.001979999942705035,0.042479999363422394
2019-03-03,3836.90576171875,131.328857421875,0.0019910000264644623,0.04215800017118454
2019-03-04,3733.749755859375,125.40270233154297,0.0019680000841617584,0.03982999920845032
2019-03-05,3745.18310546875,126.73529815673828,0.001961000030860305,0.04029899835586548
2019-03-06,3871.460693359375,136.1459197998047,0.001967000076547265,0.042353998869657516
2019-03-07,3894.113037109375,137.27313232421875,0.0019660000689327717,0.04251300171017647
2019-03-08,3875.228515625,133.5576934814453,0.0019680000841617584,0.04246100038290024
2019-03-09,3892.390380859375,134.6771240234375,0.001972000114619732,0.04265600070357323
2019-03-10,3924.381103515625,135.68568420410156,0.001978999935090542,0.04446300119161606
2019-03-11,3889.239013671875,133.10279846191406,0.0019470000406727195,0.044978998601436615
2019-03-12,3863.55908203125,130.94415283203125,0.0019499999471008778,0.045892998576164246
2019-03-13,3891.904296875,132.7197265625,0.002004999900236726,0.04621100053191185
2019-03-14,3901.296875,132.7500762939453,0.0020089999306946993,0.046348001807928085
2019-03-15,3914.015380859375,133.56715393066406,0.0020149999763816595,0.04795600101351738
2019-03-16,3961.657470703125,137.91195678710938,0.00203999993391335,0.04974000155925751
2019-03-17,4006.4111328125,139.32351684570312,0.0020570000633597374,0.05001499876379967
2019-03-18,4009.1171875,138.841552734375,0.0020630001090466976,0.049667999148368835
2019-03-19,4023.8125,139.1430206298828,0.0020729999523609877,0.0497560016810894
2019-03-20,4031.11083984375,138.30703735351562,0.0020540000405162573,0.05136600136756897
2019-03-21,4005.1513671875,135.8554229736328,0.00203999993391335,0.05076700076460838
2019-03-22,4021.54248046875,136.22860717773438,0.002044999971985817,0.052668001502752304
2019-03-23,4015.964599609375,136.91201782226562,0.0020469999872148037,0.05704699829220772
2019-03-24,4006.19287109375,136.31375122070312,0.0020260000601410866,0.05971499904990196
2019-03-25,3934.03125,133.4901580810547,0.0020260000601410866,0.057534001767635345
2019-03-26,3944.753173828125,133.75733947753906,0.0020260000601410866,0.05913100019097328
2019-03-27,3977.810546875,135.34165954589844,0.002041999949142337,0.0612730011343956
2019-03-28,4040.266357421875,138.4251708984375,0.0020600000862032175,0.06500300019979477
2019-03-29,4034.09716796875,138.04510498046875,0.002056000055745244,0.06576299667358398
2019-03-30,4053.90966796875,141.03173828125,0.0020649998914450407,0.06840500235557556
2019-03-31,4096.9013671875,140.73756408691406,0.0020779999904334545,0.06901899725198746
2019-03-31,4094.100830078125,140.69737243652344,0.0020699999295175076,0.06939300149679184
2019-04-01,4155.31689453125,141.63645935058594,0.002394000068306923,0.07090800255537033
2019-04-02,4876.62109375,157.3221435546875,0.002770999912172556,0.08483999967575073
2019-04-03,4836.7939453125,155.24110412597656,0.003134000115096569,0.08328299969434738
2019-04-04,4919.49169921875,157.44395446777344,0.003409000113606453,0.08734200149774551
2019-04-05,4992.22216796875,161.79946899414062,0.0034149999264627695,0.08790100365877151
2019-04-06,5050.412109375,164.93209838867188,0.0032560001127421856,0.08853600174188614
2019-04-07,5148.2119140625,174.16099548339844,0.003011999884620309,0.08334100246429443
2019-04-08,5167.4189453125,175.0917510986328,0.0028119999915361404,0.08170700073242188
2019-04-09,5193.38232421875,175.23037719726562,0.0028719999827444553,0.08353500068187714
2019-04-10,5017.29638671875,162.32061767578125,0.0027379998937249184,0.07762899994850159
2019-04-11,4955.8525390625,161.0297393798828,0.002725000027567148,0.08039700239896774
2019-04-12,5061.58935546875,163.01185607910156,0.0028200000524520874,0.08290699869394302
2019-04-13,5053.568359375,162.78147888183594,0.002836999949067831,0.08137200027704239
2019-04-14,5024.0693359375,159.5557403564453,0.002742999931797385,0.08135999739170074
2019-04-15,5055.19482421875,160.8887481689453,0.0027379998937249184,0.08045099675655365
2019-04-16,5219.20556640625,165.50189208984375,0.002759000053629279,0.0820780023932457
2019-04-17,5250.5068359375,166.672119140625,0.0028059999458491802,0.08137699961662292
2019-04-18,5233.3349609375,170.62020874023438,0.0028750000055879354,0.0782100036740303
2019-04-19,5295.8779296875,171.78883361816406,0.002859999891370535,0.07540100067853928
2019-04-20,5257.33935546875,167.4285888671875,0.002724000019952655,0.07198899984359741
2019-04-21,5280.27685546875,168.72955322265625,0.0027260000351816416,0.07222100347280502
2019-04-22,5389.40869140625,170.89675903320312,0.002767000114545226,0.07432100176811218
2019-04-23,5418.26318359375,161.9766845703125,0.002549000084400177,0.06873700022697449
2019-04-24,5181.3388671875,153.8470001220703,0.0024900001008063555,0.06866800040006638
2019-04-25,5177.36865234375,152.08567810058594,0.0024530000519007444,0.06688100099563599
2019-04-26,5233.6357421875,155.62188720703125,0.002489000093191862,0.06827399879693985
2019-04-27,5255.68359375,157.12551879882812,0.0025019999593496323,0.06802000105381012
2019-04-28,5216.48779296875,153.1865234375,0.0024429999757558107,0.06420399993658066
2019-04-29,5224.18994140625,155.1727752685547,0.0024429999757558107,0.06466100364923477
2019-04-30,5347.64599609375,159.66021728515625,0.0024770000018179417,0.06753300130367279
2019-05-01,5394.21728515625,160.06069946289062,0.0025160000659525394,0.0682779997587204
2019-05-02,5490.20166015625,161.08062744140625,0.0025949999690055847,0.06765200197696686
2019-05-03,5645.46923828125,161.7914276123047,0.0026080000679939985,0.0658319965004921
2019-05-04,5708.03515625,159.70065307617188,0.002621999941766262,0.06570900231599808
2019-05-05,5653.6875,159.98818969726562,0.002515000058338046,0.06368199735879898
2019-05-06,5741.39599609375,169.69471740722656,0.002535999985411763,0.06403599679470062
2019-05-07,5794.7158203125,166.40924072265625,0.0025049999821931124,0.062167998403310776
2019-05-08,5982.31640625,167.2478790283203,0.002466999925673008,0.060437001287937164
2019-05-09,6161.51904296875,168.99142456054688,0.002449000021442771,0.059105999767780304
2019-05-10,6375.69873046875,173.13931274414062,0.0025130000431090593,0.06300999969244003
2019-05-11,6815.77099609375,183.6539306640625,0.002612000098451972,0.06844399869441986
2019-05-12,6898.2822265625,185.305908203125,0.0026489999145269394,0.06953000277280807
2019-05-13,7696.39111328125,196.0548095703125,0.0027469999622553587,0.07286900281906128
2019-05-14,7899.10693359375,216.82211303710938,0.0030519999563694,0.08355800062417984
2019-05-15,7729.6083984375,245.7952880859375,0.0031139999628067017,0.08432599902153015
2019-05-16,7038.12451171875,227.76742553710938,0.002830999903380871,0.07663299888372421
2019-05-17,7251.50439453125,233.099853515625,0.002896999940276146,0.07887899875640869
2019-05-18,7267.962890625,233.7586669921875,0.003000000026077032,0.07862599939107895
2019-05-19,7678.78173828125,241.80364990234375,0.0029329999815672636,0.080144003033638
2019-05-20,7843.33984375,248.19630432128906,0.002968000015243888,0.08245299756526947
2019-05-21,7615.9873046875,242.73048400878906,0.0029120000544935465,0.07767999917268753
2019-05-22,7533.19677734375,233.7930908203125,0.002795000094920397,0.07418899983167648
2019-05-23,7824.44873046875,243.24009704589844,0.0029319999739527702,0.07844699919223785
2019-05-24,7965.97607421875,249.0887908935547,0.002957999939098954,0.07975900173187256
2019-05-25,7924.67041015625,247.24539184570312,0.0029349999967962503,0.07869700342416763
2019-05-26,8668.705078125,265.4447021484375,0.003085999982431531,0.0853630006313324
2019-05-27,8634.7216796875,267.5143737792969,0.003071000101044774,0.08762100338935852
2019-05-28,8482.728515625,263.0914001464844,0.003082999959588051,0.08616799861192703
2019-05-29,8221.2734375,247.34860229492188,0.003109999932348728,0.0817440003156662
2019-05-30,8172.55078125,249.11184692382812,0.00317199993878603,0.08187299966812134
2019-05-31,8481.578125,263.52459716796875,0.0033599999733269215,0.08639799803495407
2019-06-01,8561.2353515625,265.0418701171875,0.0033420000690966845,0.09061399847269058
2019-06-02,8204.185546875,251.26219177246094,0.003194000106304884,0.08847200125455856
2019-06-03,7564.48876953125,236.12721252441406,0.002985999919474125,0.07982099801301956
2019-06-04,7668.66845703125,239.98345947265625,0.0029800001066178083,0.08047299832105637
2019-06-05,7571.47119140625,238.50111389160156,0.003005000064149499,0.07893399894237518
2019-06-06,7788.37353515625,246.597900390625,0.0030590000096708536,0.08276399970054626
2019-06-07,7837.61083984375,243.22911071777344,0.0030169999226927757,0.08232200145721436
2019-06-08,7583.2197265625,229.25743103027344,0.0029780000913888216,0.07763099670410156
2019-06-09,7586.73095703125,229.34176635742188,0.002991999965161085,0.0783500000834465
2019-06-10,7772.8037109375,239.82534790039062,0.0029980000108480453,0.08258900046348572
2019-06-11,7862.35986328125,244.49131774902344,0.0030189999379217625,0.08649300038814545
2019-06-12,8087.06103515625,255.59628295898438,0.0030300000216811895,0.08870399743318558
2019-06-13,8183.39306640625,254.14743041992188,0.003037000074982643,0.08571100234985352
2019-06-14,8618.3955078125,262.1212158203125,0.003097000066190958,0.09048499912023544
2019-06-15,8814.556640625,265.53533935546875,0.0031349998898804188,0.09063299745321274
2019-06-16,8988.923828125,268.3537902832031,0.0031250000465661287,0.0915519967675209
2019-06-17,9004.9013671875,263.1444396972656,0.003109999932348728,0.08872099965810776
2019-06-18,9070.3955078125,264.7547912597656,0.003097000066190958,0.0889509990811348
2019-06-19,9232.484375,265.5004577636719,0.0030950000509619713,0.08555900305509567
2019-06-20,9525.07421875,271.74310302734375,0.003128000069409609,0.08740299940109253
2019-06-21,10107.03515625,294.7282409667969,0.0031850000377744436,0.0892530009150505
2019-06-22,10556.095703125,305.76458740234375,0.0032500000670552254,0.0941229984164238
2019-06-23,10610.427734375,299.5595397949219,0.0032339999452233315,0.09409800171852112
2019-06-24,11007.2021484375,307.6431579589844,0.003269999986514449,0.09367100149393082
2019-06-25,11755.59765625,315.9548645019531,0.003252000082284212,0.0962119996547699
2019-06-26,10491.8525390625,278.5732421875,0.0029899999499320984,0.08264400064945221
2019-06-27,10914.4951171875,292.9398193359375,0.003315000096336007,0.08485999703407288
2019-06-28,11508.37890625,294.75384521484375,0.0033140000887215137,0.0847340002655983
2019-06-29,10799.0087890625,290.69598388671875,0.0032470000442117453,0.08209799975156784
2019-06-30,10089.314453125,280.0228271484375,0.0030930000357329845,0.08050400018692017
2019-07-01,9737.884765625,272.6025695800781,0.0030799999367445707,0.07677700370550156
2019-07-02,10818.15625,291.4016418457031,0.00317199993878603,0.08019699901342392
2019-07-03,11166.5693359375,282.7657470703125,0.003131000092253089,0.07758799940347672
2019-07-04,10874.96484375,282.6947021484375,0.0031300000846385956,0.07602699846029282
2019-07-05,10982.5439453125,286.6658630371094,0.003470000112429261,0.07628899812698364
2019-07-06,11148.8046875,286.10919189453125,0.003495000069960952,0.07698199898004532
2019-07-07,11393.3740234375,303.5004577636719,0.003512999974191189,0.07900399714708328
2019-07-08,12233.26171875,305.28582763671875,0.003459000028669834,0.07735399901866913
2019-07-09,11710.978515625,285.5657958984375,0.003364000003784895,0.06982500106096268
2019-07-10,11158.9228515625,266.09466552734375,0.003189000068232417,0.06301499903202057
2019-07-11,11179.14453125,268.0000305175781,0.003206999972462654,0.06361699849367142
2019-07-12,10908.4794921875,263.0682678222656,0.0031739999540150166,0.06456699967384338
2019-07-13,10234.576171875,227.2692108154297,0.003010000102221966,0.05937099829316139
2019-07-14,9992.0068359375,210.39126586914062,0.0029219998978078365,0.055500999093055725
2019-07-15,9448.1064453125,197.37789916992188,0.0028019999153912067,0.05081700161099434
2019-07-16,9163.134765625,193.99041748046875,0.0027719999197870493,0.050071001052856445
2019-07-17,9376.798828125,208.03773498535156,0.002876000013202429,0.05355599895119667
2019-07-18,10229.62890625,215.83824157714844,0.002971000038087368,0.05665900185704231
2019-07-19,10451.2763671875,221.18948364257812,0.0030380000825971365,0.05963300168514252
2019-07-20,10389.599609375,219.0277557373047,0.002982999896630645,0.0596419982612133
2019-07-21,10154.921875,213.44837951660156,0.002966000000014901,0.05825899913907051
2019-07-22,9883.5947265625,209.63812255859375,0.002873999997973442,0.0554019995033741
2019-07-23,9614.306640625,203.89340209960938,0.002816000021994114,0.054026998579502106
2019-07-24,9773.95703125,216.13514709472656,0.002905000001192093,0.0583919994533062
2019-07-25,9717.982421875,214.1256866455078,0.002882000058889389,0.057062000036239624
2019-07-26,9411.521484375,204.9039306640625,0.0027970001101493835,0.05749699845910072
2019-07-27,9252.296875,202.25289916992188,0.0027920000720769167,0.05716300010681152
2019-07-28,9472.9482421875,208.76431274414062,0.0028089999686926603,0.058410000056028366
2019-07-29,9437.3359375,206.86761474609375,0.0028009999077767134,0.05882599949836731
2019-07-30,9598.09765625,210.4379119873047,0.002816000021994114,0.059404999017715454
2019-07-31,9922.01953125,212.9145050048828,0.002859999891370535,0.05798399820923805
2019-08-01,10371.013671875,215.975830078125,0.002896999940276146,0.05664699897170067
2019-08-02,10503.5048828125,217.3317413330078,0.002899999963119626,0.05692100152373314
2019-08-03,10620.2783203125,218.49217224121094,0.0028639999218285084,0.05619300156831741
2019-08-04,10960.7353515625,222.6038818359375,0.0029360000044107437,0.05612799897789955
2019-08-05,11290.7314453125,223.55117797851562,0.002919000107795,0.053004998713731766
2019-08-06,11433.701171875,222.77545166015625,0.0029380000196397305,0.051444001495838165
2019-08-07,11556.16796875,216.51625061035156,0.002858000108972192,0.05043400079011917
2019-08-08,11709.7451171875,208.2459716796875,0.0028689999599009752,0.0474729984998703
2019-08-09,11323.8984375,203.79310607910156,0.00279600010253489,0.04760799929499626
2019-08-10,11248.294921875,206.51080322265625,0.0028389999642968178,0.05194700136780739
2019-08-11,11320.951171875,210.9464874267578,0.0028689999599009752,0.05264899879693985
2019-08-12,10830.3271484375,205.42250061035156,0.0028039999306201935,0.050009001046419144
2019-08-13,10028.1357421875,186.33192443847656,0.0027149999514222145,0.0469679981470108
2019-08-14,9675.31640625,178.14256286621094,0.0025839998852461576,0.045497000217437744
2019-08-15,9855.478515625,180.3848419189453,0.002560999942943454,0.044860001653432846
2019-08-16,10086.6982421875,182.59388732910156,0.002618999918922782,0.046337999403476715
2019-08-17,10119.0947265625,183.69224548339844,0.002621999941766262,0.047047000378370285
2019-08-18,10313.2041015625,193.10824584960938,0.002715999959036708,0.049685999751091
2019-08-19,10618.9609375,195.61953735351562,0.002713999943807721,0.04884200170636177
2019-08-20,9962.7216796875,182.68917846679688,0.0026199999265372753,0.046045999974012375
2019-08-21,9831.462890625,183.384521484375,0.002616999903693795,0.04673900082707405
2019-08-22,10078.1923828125,189.56231689453125,0.0026569999754428864,0.048902999609708786
2019-08-23,9982.296875,187.62725830078125,0.0026140001136809587,0.04831499978899956
2019-08-24,10008.7890625,184.96475219726562,0.002624999964609742,0.048712000250816345
2019-08-25,10126.2998046875,186.7355499267578,0.0026400000788271427,0.048893000930547714
2019-08-26,10087.30078125,185.47293090820312,0.0026000000070780516,0.048179998993873596
2019-08-27,9716.65625,172.18560791015625,0.0025110000278800726,0.045701999217271805
2019-08-28,9421.6298828125,167.1708984375,0.002392000053077936,0.0433959998190403
2019-08-29,9428.302734375,167.0714111328125,0.0024270000867545605,0.04425400123000145
2019-08-30,9531.7998046875,167.80258178710938,0.0024590000975877047,0.044082000851631165
2019-08-31,9582.9443359375,169.53128051757812,0.0024429999757558107,0.04372899979352951
2019-09-01,9730.650390625,170.45169067382812,0.002461999887600541,0.043421998620033264
2019-09-02,10308.5478515625,175.9701690673828,0.0025599999353289604,0.0447859987616539
2019-09-03,10434.7099609375,175.3253631591797,0.00254100002348423,0.04521699994802475
2019-09-04,10516.41796875,171.746826171875,0.0025049999821931124,0.04395899921655655
2019-09-05,10292.2998046875,168.34133911132812,0.002460000105202198,0.043793000280857086
2019-09-06,10348.9189453125,169.44412231445312,0.0024790000170469284,0.043848998844623566
2019-09-07,10409.0908203125,178.1425018310547,0.0024689999409019947,0.04621100053191185
2019-09-08,10144.9296875,177.4193572998047,0.00241800001822412,0.04550100117921829
2019-09-09,10020.5732421875,178.12242126464844,0.002409999957308173,0.04591500014066696
2019-09-10,9980.7763671875,176.50091552734375,0.0023900000378489494,0.044585999101400375
2019-09-11,10099.2421875,177.84732055664062,0.002366000087931752,0.044422999024391174
2019-09-12,10226.5966796875,178.58204650878906,0.0023980000987648964,0.04496299847960472
2019-09-13,10291.6943359375,180.37220764160156,0.0024049999192357063,0.044961001724004745
2019-09-14,10313.0927734375,186.44732666015625,0.002437999937683344,0.04623100161552429
2019-09-15,10189.744140625,189.6893310546875,0.0024300001095980406,0.04609899967908859
2019-09-16,10199.7392578125,196.71548461914062,0.0024429999757558107,0.047106001526117325
2019-09-17,10191.4697265625,208.05059814453125,0.0025820001028478146,0.04886600002646446
2019-09-18,9851.6923828125,204.68577575683594,0.0025889999233186245,0.04990699887275696
2019-09-19,10132.1865234375,215.15963745117188,0.002644999884068966,0.050519999116659164
2019-09-20,10000.7080078125,215.0001678466797,0.002555999904870987,0.0513480007648468
2019-09-21,9922.533203125,207.64492797851562,0.002546000061556697,0.047857001423835754
2019-09-22,9727.1435546875,201.88723754882812,0.0024820000398904085,0.04626400023698807
2019-09-23,8370.8017578125,162.727783203125,0.002076999982818961,0.03602299839258194
2019-09-24,8325.396484375,164.91348266601562,0.0021100000012665987,0.0363520011305809
2019-09-25,7895.62939453125,157.1303253173828,0.0020759999752044678,0.03564300015568733
2019-09-26,7965.9228515625,163.20950317382812,0.0021210000850260258,0.03720900043845177
2019-09-27,8125.431640625,170.77395629882812,0.002202000003308058,0.03844499960541725
2019-09-28,7990.4970703125,166.99769592285156,0.002185000106692314,0.03664200007915497
2019-09-29,7830.7587890625,167.03660583496094,0.002171000000089407,0.036421999335289
2019-09-30,8232.6796875,175.81265258789062,0.002380999969318509,0.03839600086212158
2019-10-01,8227.6953125,175.3342742919922,0.0023139999248087406,0.03786800056695938
2019-10-02,8146.43701171875,172.59986877441406,0.0022899999748915434,0.03787599876523018
2019-10-03,8151.23681640625,173.5640869140625,0.00228299992159009,0.037911999970674515
2019-10-04,8071.12060546875,173.06956481933594,0.0023070001043379307,0.03884400054812431
2019-10-05,7958.8505859375,171.29977416992188,0.0022899999748915434,0.03885100036859512
2019-10-06,7905.76611328125,171.52781677246094,0.002305000089108944,0.03863000124692917
2019-10-07,8185.76318359375,179.13339233398438,0.0023240000009536743,0.040504999458789825
2019-10-08,8169.298828125,180.66844177246094,0.0023169999476522207,0.04097200185060501
2019-10-09,8471.93359375,188.3064727783203,0.0023300000466406345,0.040856000036001205
2019-10-10,8316.181640625,181.66183471679688,0.0022899999748915434,0.04056200012564659
2019-10-11,8313.3408203125,179.98483276367188,0.002309999894350767,0.04048199951648712
2019-10-12,8276.6123046875,180.31715393066406,0.002322999993339181,0.040511999279260635
2019-10-13,8284.130859375,181.6622772216797,0.002428000094369054,0.041110001504421234
2019-10-14,8182.70654296875,179.46278381347656,0.0024949999060481787,0.03936700150370598
2019-10-15,7985.08984375,174.0641632080078,0.0025059999898076057,0.037804000079631805
2019-10-16,8000.94287109375,174.56582641601562,0.002589999930933118,0.038169000297784805
2019-10-17,7902.1640625,171.0050506591797,0.0026680000592023134,0.03759099915623665
2019-10-18,7944.77685546875,172.2154541015625,0.0026680000592023134,0.037831999361515045
2019-10-19,7949.439453125,171.21072387695312,0.002684999955818057,0.03844299912452698
2019-10-20,8196.416015625,173.28775024414062,0.0026179999113082886,0.038694001734256744
2019-10-21,8074.462890625,172.2662353515625,0.0025599999353289604,0.03880999982357025
2019-10-22,7469.32275390625,157.4634246826172,0.002389000030234456,0.03578599914908409
2019-10-23,7446.98876953125,160.88795471191406,0.0024510000366717577,0.03620300069451332
2019-10-24,7479.984375,161.9660186767578,0.0025019999593496323,0.03758100047707558
2019-10-25,8662.6220703125,176.13380432128906,0.0025909999385476112,0.0396680012345314
2019-10-26,9112.5419921875,177.68235778808594,0.0025949999690055847,0.0396369993686676
2019-10-28,9256.1484375,180.2495574951172,0.0026289999950677156,0.04205099865794182
2019-10-29,9232.6484375,182.36436462402344,0.002644000109285116,0.04225900024175644
2019-10-30,9085.3701171875,181.54637145996094,0.0025969999842345715,0.04133399948477745
2019-10-31,9028.7177734375,180.068359375,0.0025859999004751444,0.040456000715494156
2019-11-01,9132.0478515625,181.09449768066406,0.0025909999385476112,0.04123999923467636
2019-11-02,9249.587890625,182.79766845703125,0.0025969999842345715,0.042068999260663986
2019-11-03,9141.251953125,179.81814575195312,0.002621999941766262,0.04135800153017044
2019-11-04,9191.4853515625,181.8216094970703,0.002589999930933118,0.041606999933719635
2019-11-05,9256.931640625,184.3319854736328,0.002575000049546361,0.04323200136423111
2019-11-06,9305.9091796875,188.6676788330078,0.0026149998884648085,0.04382599890232086
2019-11-07,9202.353515625,186.56700134277344,0.0026080000679939985,0.04272399842739105
2019-11-08,8775.5341796875,182.54136657714844,0.0026030000299215317,0.04137999936938286
2019-11-09,8793.1630859375,183.90223693847656,0.0026499999221414328,0.042139001190662384
2019-11-10,8806.162109375,184.68678283691406,0.002686999971047044,0.04238799959421158
2019-11-11,8700.6083984375,185.08631896972656,0.002669000066816807,0.04249899834394455
2019-11-12,8685.427734375,184.19105529785156,0.002678999910131097,0.043226998299360275
2019-11-13,8761.6513671875,185.9379425048828,0.0026650000363588333,0.04332000017166138
2019-11-14,8692.5517578125,184.99229431152344,0.0026420000940561295,0.042399000376462936
2019-11-15,8484.84375,179.3795623779297,0.002609000075608492,0.04232899844646454
2019-11-16,8473.9736328125,179.9856719970703,0.0026360000483691692,0.04351099953055382
2019-11-17,8500.9677734375,182.33680725097656,0.002641000086441636,0.04366999864578247
2019-11-18,8273.5732421875,179.17550659179688,0.002549000084400177,0.043542999774217606
2019-11-19,8099.96337890625,175.19711303710938,0.0025190000887960196,0.04138299822807312
2019-11-20,8010.51171875,175.29043579101562,0.0025430000387132168,0.04080900177359581
2019-11-21,7597.3818359375,159.36512756347656,0.002377999946475029,0.0377269983291626
2019-11-22,6936.70654296875,142.34410095214844,0.002239000052213669,0.03461100161075592
2019-11-23,7151.41796875,147.6012420654297,0.0023270000237971544,0.03670100122690201
2019-11-24,7029.2890625,142.83470153808594,0.0022980000358074903,0.03555599972605705
2019-11-25,6617.1669921875,133.80233764648438,0.0021279999054968357,0.03333599865436554
2019-11-26,7098.572265625,145.2168731689453,0.002265000017359853,0.035705000162124634
2019-11-27,6974.17431640625,143.52560424804688,0.002228999976068735,0.03578300029039383
2019-11-28,7454.12158203125,151.09112548828125,0.0023129999171942472,0.03864099830389023
2019-11-29,7460.75634765625,151.46043395996094,0.002305000089108944,0.03919399902224541
2019-11-30,7515.849609375,151.225341796875,0.0023139999248087406,0.04006800055503845
2019-12-01,7291.341796875,147.06793212890625,0.002256999956443906,0.03846700116991997
2019-12-02,7233.3994140625,147.60679626464844,0.0022040000185370445,0.03757999837398529
2019-12-03,7229.35693359375,146.00167846679688,0.0021669999696314335,0.03722599893808365
2019-12-04,7170.9228515625,145.00088500976562,0.0021649999544024467,0.03655000030994415
2019-12-05,7232.6767578125,145.45907592773438,0.0021720000077039003,0.03696899861097336
2019-12-06,7392.17529296875,147.6065216064453,0.0021800000686198473,0.0374779999256134
2019-12-07,7525.71142578125,148.37477111816406,0.0022009999956935644,0.03819499909877777
2019-12-08,7476.09130859375,148.31333923339844,0.0022070000413805246,0.03838599845767021
2019-12-09,7365.9853515625,147.62136840820312,0.0021979999728500843,0.037422001361846924
2019-12-10,7246.0439453125,144.907958984375,0.002185000106692314,0.036295000463724136
2019-12-11,7195.52734375,143.0453643798828,0.0021810000762343407,0.03632200136780739
2019-12-12,7164.7412109375,141.43698120117188,0.0021669999696314335,0.03624900057911873
2019-12-13,7227.12255859375,143.74652099609375,0.0021649999544024467,0.03662800043821335
2019-12-14,7097.208984375,142.43455505371094,0.00215000007301569,0.036086998879909515
2019-12-15,6924.3759765625,139.4269561767578,0.0020800000056624413,0.034807998687028885
2019-12-16,6903.6826171875,132.4566650390625,0.0021120000164955854,0.03358900174498558
2019-12-17,6587.97412109375,121.39508056640625,0.0019970000721514225,0.03129599988460541
2019-12-18,6540.04931640625,119.78005981445312,0.002007999923080206,0.030884999781847
2019-12-19,7041.3818359375,125.97166442871094,0.0020490000024437904,0.0330669991672039
2019-12-20,7086.1240234375,126.9853515625,0.002047999994829297,0.032871000468730927
2019-12-21,7112.73583984375,127.61209106445312,0.0020439999643713236,0.03294000029563904
2019-12-22,7167.17919921875,127.9284896850586,0.0020699999295175076,0.033211998641490936
2019-12-23,7326.1923828125,127.41671752929688,0.0020550000481307507,0.033160001039505005
2019-12-24,7269.52880859375,127.30876922607422,0.0020520000252872705,0.03290500119328499
2019-12-25,7220.9912109375,124.88549041748047,0.0020359999034553766,0.033250998705625534
2019-12-26,7200.38671875,125.40644073486328,0.0020469999872148037,0.03354400023818016
2019-12-27,7189.93408203125,124.82080841064453,0.002032000105828047,0.03222599998116493
2019-12-28,7286.9052734375,126.89969635009766,0.002051000017672777,0.03307899832725525
2019-12-29,7279.865234375,127.9976577758789,0.002056000055745244,0.03339000046253204
2019-12-30,7276.30810546875,131.54556274414062,0.00204299995675683,0.03349300101399422
2019-12-31,7169.77783203125,128.79815673828125,0.002022000029683113,0.03279399871826172
2020-01-01,7174.9443359375,129.1982879638672,0.0020210000220686197,0.03270399942994118
2020-01-02,6935.27001953125,126.95491027832031,0.0019829999655485153,0.03244800120592117
2020-01-03,6914.99609375,126.49002075195312,0.0019910000264644623,0.03249099850654602
2020-01-04,7309.51416015625,133.04055786132812,0.002050000010058284,0.03387200087308884
2020-01-05,7400.53564453125,135.04562377929688,0.0021170000545680523,0.03454500064253807
2020-01-06,7409.29296875,136.0796356201172,0.0023789999540895224,0.03467399999499321
2020-01-07,7768.2275390625,140.48887634277344,0.0023539999965578318,0.036653000861406326
2020-01-08,7956.7744140625,138.26820373535156,0.002265000017359853,0.03601500019431114
2020-01-09,7842.40380859375,136.2364044189453,0.002145000034943223,0.035672999918460846
2020-01-10,7726.77490234375,135.52040100097656,0.0021989999804645777,0.0348070003092289
2020-01-11,8029.64208984375,142.2079620361328,0.0022960000205785036,0.03652200102806091
2020-01-12,8009.05908203125,142.7076416015625,0.0023129999171942472,0.03658000007271767
2020-01-13,8079.70068359375,142.90713500976562,0.0023270000237971544,0.03677599877119064
2020-01-14,8140.93310546875,144.06492614746094,0.0023399998899549246,0.03696899861097336
2020-01-15,8657.1875,161.109619140625,0.002363000065088272,0.04040699824690819
2020-01-16,8612.095703125,159.7096405029297,0.0022929999977350235,0.04022400081157684
2020-01-17,8677.31640625,162.77560424804688,0.002309999894350767,0.041106000542640686
2020-01-18,8827.33203125,166.7890167236328,0.002452000044286251,0.04323900118470192
2020-01-19,8620.080078125,163.67686462402344,0.0023590000346302986,0.041411999613046646
2020-01-20,8560.4736328125,162.33160400390625,0.0023590000346302986,0.041919998824596405
2020-01-21,8544.5205078125,165.81971740722656,0.0023350000847131014,0.04346900060772896
2020-01-22,8636.7470703125,166.77423095703125,0.002319999970495701,0.04531300067901611
2020-01-23,8333.6376953125,160.29531860351562,0.0022380000445991755,0.0422310009598732
2020-01-24,8266.8408203125,156.74974060058594,0.002211000071838498,0.04144800081849098
2020-01-25,8296.21875,158.63247680664062,0.0022350000217556953,0.04307100176811218
2020-01-26,8325.498046875,160.2811279296875,0.002240000059828162,0.04299499839544296
2020-01-27,8597.30859375,166.90109252929688,0.00228299992159009,0.04422999918460846
2020-01-28,8908.447265625,170.73806762695312,0.002363000065088272,0.04748300090432167
2020-01-29,9269.4677734375,175.0503387451172,0.0023900000378489494,0.052549999207258224
2020-01-30,9230.8974609375,172.3746337890625,0.0023709998931735754,0.05236800014972687
2020-01-31,9230.7763671875,176.29681396484375,0.0023690001107752323,0.05226999893784523
2020-02-01,9313.2392578125,179.74517822265625,0.0023819999769330025,0.05328100174665451
2020-02-02,9217.82421875,180.1739501953125,0.0023950000759214163,0.05492499843239784
2020-02-03,9248.6337890625,188.0126953125,0.0024270000867545605,0.05538000166416168
2020-02-04,9112.8115234375,185.40362548828125,0.0024019998963922262,0.054237000644207
2020-02-05,9163.7041015625,188.752685546875,0.002492000116035342,0.055674999952316284
2020-02-06,9539.818359375,201.90406799316406,0.0025740000419318676,0.05825899913907051
2020-02-07,9726.0029296875,212.30419921875,0.0026469998992979527,0.059574998915195465
2020-02-08,9678.91015625,215.38629150390625,0.002722000004723668,0.05760699883103371
2020-02-09,9850.392578125,222.98223876953125,0.003152000019326806,0.059898000210523605
2020-02-10,9784.5634765625,218.08004760742188,0.0029039999935775995,0.058465998619794846
2020-02-11,9729.3349609375,218.61761474609375,0.0028639999218285084,0.058917999267578125
2020-02-12,10202.3876953125,235.89627075195312,0.0030129998922348022,0.06319300085306168
2020-02-13,10116.1611328125,258.9225158691406,0.0029730000533163548,0.06598799675703049
2020-02-14,10125.5341796875,262.76251220703125,0.0029810001142323017,0.06746499985456467
2020-02-15,9874.427734375,264.2796630859375,0.0028389999642968178,0.06275799870491028
2020-02-16,9722.38671875,242.48440551757812,0.0026259999722242355,0.057385001331567764
2020-02-17,9507.6376953125,244.3353271484375,0.0025470000691711903,0.056035999208688736
2020-02-18,9632.3828125,261.4638977050781,0.0026549999602138996,0.0582830011844635
2020-02-19,9611.2236328125,259.76397705078125,0.002623999956995249,0.05737299844622612
2020-02-20,9507.900390625,250.95126342773438,0.0025690000038594007,0.05593600124120712
2020-02-21,9589.7431640625,255.6890869140625,0.0026140001136809587,0.0576619990170002
2020-02-22,9600.728515625,258.91314697265625,0.0025770000647753477,0.05698100104928017
2020-02-23,9657.791015625,261.96051025390625,0.002595999976620078,0.058191001415252686
2020-02-24,9537.04296875,259.6251525878906,0.0025569999124854803,0.05751900002360344
2020-02-25,9305.021484375,246.85899353027344,0.002435999922454357,0.05614599958062172
2020-02-26,8704.4267578125,221.2665557861328,0.002211000071838498,0.047373998910188675
2020-02-27,8577.19921875,212.66452026367188,0.0022980000358074903,0.04651099815964699
2020-02-28,8492.9326171875,216.34620666503906,0.002225999953225255,0.04708100110292435
2020-02-29,8599.5087890625,219.8485107421875,0.0022299999836832285,0.047540999948978424
2020-03-01,8471.212890625,214.13043212890625,0.002222999930381775,0.04526200145483017
2020-03-02,8532.630859375,217.28428649902344,0.0022559999488294125,0.04558800160884857
2020-03-03,8704.990234375,221.732666015625,0.0023159999400377274,0.047843001782894135
2020-03-04,8712.431640625,222.08888244628906,0.0023670000955462456,0.0482340008020401
2020-03-05,8757.25390625,224.6418914794922,0.0023950000759214163,0.04901500046253204
2020-03-06,9032.0791015625,228.7435760498047,0.0024470000062137842,0.05027199909090996
2020-03-07,8890.744140625,237.55128479003906,0.002400999888777733,0.04855399951338768
2020-03-08,8105.2529296875,200.6029815673828,0.0021840000990778208,0.04298099875450134
2020-03-09,7690.09814453125,192.2698974609375,0.0021069999784231186,0.039271000772714615
2020-03-10,7814.76318359375,198.0644989013672,0.00216599996201694,0.040766000747680664
2020-03-11,7642.8125,184.36215209960938,0.0020989999175071716,0.03765600174665451
2020-03-12,4860.35400390625,111.21070861816406,0.0015350000467151403,0.02396100014448166
2020-03-13,4106.98095703125,95.1843032836914,0.0012469999492168427,0.019130000844597816
2020-03-14,5125.0693359375,122.41447448730469,0.0016400000313296914,0.025745000690221786
2020-03-15,5169.283203125,121.85365295410156,0.0016550000291317701,0.025821000337600708
2020-03-16,4575.35791015625,105.17144012451172,0.0014530000044032931,0.022220000624656677
2020-03-17,4981.9091796875,110.40678405761719,0.0015579999890178442,0.02411000058054924
2020-03-18,5069.3359375,111.74311065673828,0.001551999943330884,0.024608999490737915
2020-03-19,5236.96875,114.73286437988281,0.0015620000194758177,0.025304999202489853
2020-03-20,5865.78173828125,122.60565948486328,0.0016789999790489674,0.027493000030517578
2020-03-21,5932.8232421875,127.16375732421875,0.0016929999692365527,0.02810399979352951
2020-03-22,5823.7138671875,122.90933227539062,0.0017190000507980585,0.02701300010085106
2020-03-23,5785.00439453125,121.86788177490234,0.0016919999616220593,0.026753000915050507
2020-03-24,6411.06640625,133.1687774658203,0.0017989999614655972,0.028717000037431717
2020-03-25,6536.92626953125,134.30422973632812,0.0017989999614655972,0.028975000604987144
2020-03-26,6590.962890625,134.8860321044922,0.0018269999418407679,0.029350999742746353
2020-03-27,6466.70166015625,133.9379425048828,0.001803999999538064,0.029214000329375267
2020-03-28,6117.837890625,126.96218872070312,0.0017160000279545784,0.028189999982714653
2020-03-29,5903.234375,125.28968048095703,0.0017170000355690718,0.028124000877141953
2020-03-29,5920.0859375,125.4500503540039,0.0017170000355690718,0.028224999085068703
2020-03-30,6374.162109375,131.65289306640625,0.0018050000071525574,0.02968199923634529
2020-03-31,6202.37353515625,129.73094177246094,0.0017760000191628933,0.029555000364780426
2020-04-01,6595.91845703125,135.732177734375,0.0018500000005587935,0.030841000378131866
2020-04-02,6673.3359375,139.619384765625,0.0018339999951422215,0.031706999987363815
2020-04-03,6696.48486328125,140.121826171875,0.001841000048443675,0.031870000064373016
2020-04-04,6715.92919921875,142.10208129882812,0.0018469999777153134,0.031700000166893005
2020-04-05,6782.8896484375,143.5446014404297,0.0018520000157877803,0.03193400055170059
2020-04-06,7136.71435546875,164.2033233642578,0.0019340000580996275,0.03484499827027321
2020-04-07,7153.3056640625,164.49319458007812,0.0019600000232458115,0.03511999920010567
2020-04-08,7179.09423828125,167.98712158203125,0.001984999980777502,0.03557400032877922
2020-04-09,6802.47509765625,154.9144744873047,0.0018909999635070562,0.03254399821162224
2020-04-10,6789.9208984375,155.29833984375,0.0019409999949857593,0.0327720008790493
2020-04-11,6811.078125,156.3205108642578,0.0019509999547153711,0.033075001090765
2020-04-12,6668.259765625,151.61448669433594,0.0018939999863505363,0.03206999972462654
2020-04-13,6793.8212890625,155.86593627929688,0.001934999949298799,0.032781001180410385
2020-04-14,6633.40283203125,152.80284118652344,0.001905999961309135,0.031838998198509216
2020-04-15,6555.50439453125,150.3594207763672,0.0018860000418499112,0.031241999939084053
2020-04-17,7089.2470703125,171.61807250976562,0.0020069999154657125,0.034575000405311584
2020-04-18,7167.0546875,180.12081909179688,0.0020280000753700733,0.0356299988925457
2020-04-19,6835.5029296875,170.32127380371094,0.001962000038474798,0.034157998859882355
2020-04-20,6834.4423828125,170.55284118652344,0.0019519999623298645,0.03403199836611748
2020-04-21,6867.78173828125,171.82659912109375,0.001964000053703785,0.034543998539447784
2020-04-22,7081.5947265625,180.3406524658203,0.002004999900236726,0.03652400150895119
2020-04-23,7434.181640625,185.22210693359375,0.002041999949142337,0.04061700031161308
2020-04-24,7521.67236328125,188.45953369140625,0.002087000058963895,0.041397999972105026
2020-04-25,7561.40771484375,194.76806640625,0.0021359999664127827,0.04223199933767319
2020-04-26,7679.4189453125,193.45416259765625,0.002308000111952424,0.04464399814605713
2020-04-27,7730.806640625,194.84942626953125,0.0023219999857246876,0.046264998614788055
2020-04-28,7786.04931640625,198.12451171875,0.002331000054255128,0.047019001096487045
2020-04-29,8533.255859375,206.43692016601562,0.002392000053077936,0.047564998269081116
2020-04-30,8667.763671875,207.7808837890625,0.002440999960526824,0.047775998711586
2020-05-01,8811.3662109375,212.87867736816406,0.002472999971359968,0.049890998750925064
2020-05-02,8830.9716796875,208.69236755371094,0.0024800000246614218,0.04831099882721901
2020-05-03,8645.0244140625,199.0477294921875,0.002389000030234456,0.04652300104498863
2020-05-04,8856.8271484375,204.0311279296875,0.002449000021442771,0.049049001187086105
2020-05-05,8966.7060546875,204.04087829589844,0.002472999971359968,0.048983000218868256
2020-05-06,9138.322265625,202.07484436035156,0.0024790000170469284,0.04885699972510338
2020-05-07,9767.1728515625,208.8307342529297,0.0025939999613910913,0.050985999405384064
2020-05-08,9580.64453125,209.07151794433594,0.0025649999734014273,0.05152200162410736
2020-05-09,8395.107421875,182.71116638183594,0.002360000042244792,0.045003000646829605
2020-05-10,8374.3232421875,180.7183380126953,0.0023380001075565815,0.045490000396966934
2020-05-11,8569.6435546875,185.70179748535156,0.0024059999268501997,0.047906000167131424
2020-05-12,8805.3876953125,189.12770080566406,0.0024580000899732113,0.04972400143742561
2020-05-13,9255.03515625,196.8688201904297,0.002512000035494566,0.05048099905252457
2020-05-14,9261.3984375,193.75567626953125,0.0024870000779628754,0.05001400038599968
2020-05-15,9260.6943359375,194.5015869140625,0.0024840000551193953,0.05008399859070778
2020-05-16,9349.5458984375,200.10279846191406,0.002509000012651086,0.050912998616695404
2020-05-17,9570.359375,207.10906982421875,0.0025130000431090593,0.05109399929642677
2020-05-18,9539.6240234375,210.14305114746094,0.002500999951735139,0.05285799875855446
2020-05-19,9447.201171875,207.97581481933594,0.0024870000779628754,0.05465000122785568
2020-05-20,8869.9306640625,193.346435546875,0.002423000056296587,0.050574999302625656
2020-05-21,9008.638671875,198.04086303710938,0.002472999971359968,0.05152000114321709
2020-05-22,9118.1083984375,205.29421997070312,0.002498999936506152,0.05449499934911728
2020-05-23,8787.2509765625,202.37034606933594,0.0024510000366717577,0.052629001438617706
2020-05-24,8719.66796875,200.6675567626953,0.0024349999148398638,0.05112899839878082
2020-05-25,8757.2939453125,200.2642822265625,0.002471999963745475,0.05203400179743767
2020-05-26,8834.1572265625,201.78506469726562,0.002471999963745475,0.05322299897670746
2020-05-27,9148.45703125,206.24266052246094,0.0024949999060481787,0.05505000054836273
2020-05-28,9379.3388671875,218.23805236816406,0.002503999974578619,0.06289699673652649
2020-05-29,9366.7294921875,218.7444610595703,0.0025229998864233494,0.06381800025701523
2020-05-30,9432.296875,230.05282592773438,0.002549000084400177,0.07259699702262878
2020-05-31,9450.8994140625,230.48805236816406,0.0025530001148581505,0.0736590027809143
2020-06-01,9460.5712890625,233.2252960205078,0.002520000096410513,0.07396800071001053
2020-06-02,9471.8466796875,235.46444702148438,0.002546000061556697,0.07742100208997726
2020-06-03,9525.2470703125,236.7653045654297,0.0025710000190883875,0.08440700173377991
2020-06-04,9663.216796875,240.6820526123047,0.002580000087618828,0.08432599902153015
2020-06-05,9591.0244140625,239.7245330810547,0.0025659999810159206,0.0851759985089302
2020-06-06,9458.150390625,236.32525634765625,0.0025579999200999737,0.08301600068807602
2020-06-07,9675.8857421875,241.5421905517578,0.002560999942943454,0.08460099995136261
2020-06-08,9664.7197265625,242.3385467529297,0.002517000073567033,0.08340699970722198
2020-06-09,9728.291015625,242.8197479248047,0.0025530001148581505,0.07999199628829956
2020-06-10,9263.0693359375,229.94297790527344,0.002429000101983547,0.07433199882507324
2020-06-11,9285.8515625,229.6450653076172,0.0024470000062137842,0.07516899704933167
2020-06-12,9396.009765625,235.88967895507812,0.002500999951735139,0.07757300138473511
2020-06-13,9347.59375,232.95819091796875,0.002500999951735139,0.076385997235775
2020-06-14,8990.17578125,221.24176025390625,0.002406999934464693,0.06977000087499619
2020-06-15,9400.4453125,228.4261474609375,0.0024339999072253704,0.0770609974861145
2020-06-16,9327.33984375,229.34164428710938,0.0024580000899732113,0.07762099802494049
2020-06-17,9328.3955078125,228.95143127441406,0.0024470000062137842,0.080376997590065
2020-06-18,9274.2958984375,226.79518127441406,0.0024300001095980406,0.07895399630069733
2020-06-19,9247.3798828125,226.640625,0.0024190000258386135,0.07744099944829941
2020-06-20,9300.4306640625,228.4929962158203,0.002440999960526824,0.07829800248146057
2020-06-21,9296.8720703125,228.9347381591797,0.0024429999757558107,0.07843200117349625
2020-06-22,9547.2470703125,239.75973510742188,0.002457000082358718,0.08150900155305862
2020-06-23,9278.2333984375,232.8077392578125,0.002389000030234456,0.08058899641036987
2020-06-24,9095.32421875,230.29660034179688,0.0023900000378489494,0.07951900362968445
2020-06-25,9101.73828125,229.25946044921875,0.0023590000346302986,0.07985900342464447
2020-06-26,8998.216796875,220.5645751953125,0.002294000005349517,0.07610899955034256
2020-06-27,8975.525390625,219.47267150878906,0.00228299992159009,0.07625100016593933
2020-06-28,9041.8759765625,222.25498962402344,0.0023010000586509705,0.0803380012512207
2020-06-29,9084.837890625,224.815185546875,0.002297000028192997,0.08202599734067917
2020-06-30,9104.7353515625,224.8357391357422,0.0023010000586509705,0.08253300189971924
