Date,Bitcoin High,Ethereum High,Dogecoin High,Cardano High
2018-05-31,7604.72998046875,589.093017578125,0.003469000104814768,0.22918400168418884
2018-06-01,7695.830078125,597.0770263671875,0.0035840000491589308,0.22953100502490997
2018-06-02,7754.89013671875,624.5130004882812,0.0037499999161809683,0.23676100373268127
2018-06-03,7753.81982421875,623.4290161132812,0.003759999992325902,0.23122799396514893
2018-06-04,7643.22998046875,611.3300170898438,0.0037219999358057976,0.22172799706459045
2018-06-05,7680.43017578125,611.6430053710938,0.003800000064074993,0.2208620011806488
2018-06-06,7741.27001953125,616.1439819335938,0.003836000105366111,0.21935099363327026
2018-06-07,7698.18994140625,608.8109741210938,0.003783999942243099,0.21084100008010864
2018-06-08,7683.580078125,608.5830078125,0.003711000084877014,0.20966799557209015
2018-06-09,7499.5498046875,594.344970703125,0.003594999900087714,0.2015170007944107
2018-06-10,6910.18017578125,536.8579711914062,0.0032470000442117453,0.18193699419498444
2018-06-11,6907.9599609375,538.9550170898438,0.0032730000093579292,0.182888001203537
2018-06-12,6631.66015625,501.9049987792969,0.003114999970421195,0.16681799292564392
2018-06-13,6707.14013671875,523.5449829101562,0.0030159999150782824,0.17652100324630737
2018-06-14,6681.080078125,521.3049926757812,0.0029819998890161514,0.17221799492835999
2018-06-15,6592.490234375,503.2229919433594,0.0029559999238699675,0.16462799906730652
2018-06-16,6589.10986328125,507.6409912109375,0.002945000072941184,0.16447700560092926
2018-06-17,6781.14013671875,521.7960205078125,0.0030799999367445707,0.1675110012292862
2018-06-18,6822.5,542.35302734375,0.0030739998910576105,0.1699029952287674
2018-06-19,6821.56005859375,541.0150146484375,0.003046999918296933,0.16733099520206451
2018-06-20,6810.93994140625,543.7169799804688,0.003031000029295683,0.16375699639320374
2018-06-21,6747.080078125,527.1939697265625,0.0030040000565350056,0.15901899337768555
2018-06-22,6224.81982421875,479.1289978027344,0.002713999943807721,0.14327900111675262
2018-06-23,6223.77978515625,475.3590087890625,0.002710999920964241,0.13859200477600098
2018-06-24,6327.3701171875,470.343994140625,0.0025760000571608543,0.13825400173664093
2018-06-25,6290.16015625,461.2130126953125,0.0025770000647753477,0.13605499267578125
2018-06-26,6180.0,444.2430114746094,0.0025080000050365925,0.12800000607967377
2018-06-27,6170.41015625,443.6180114746094,0.002503999974578619,0.1285029947757721
2018-06-28,6261.66015625,441.7929992675781,0.002492000116035342,0.12743599712848663
2018-06-29,6465.509765625,458.7969970703125,0.00254100002348423,0.138372004032135
2018-06-30,6432.85009765625,457.1390075683594,0.002553999889642,0.14573100209236145
2018-07-01,6683.85986328125,479.1300048828125,0.0027209999971091747,0.16193599998950958
2018-07-02,6671.3701171875,483.85400390625,0.002764000091701746,0.1666869968175888
2018-07-03,6771.919921875,481.4360046386719,0.002724000019952655,0.15990400314331055
2018-07-04,6749.5400390625,483.2250061035156,0.0026950000319629908,0.154571995139122
2018-07-05,6700.93994140625,479.6520080566406,0.002618999918922782,0.1487489938735962
2018-07-06,6863.990234375,491.6600036621094,0.0026459998916834593,0.15037299692630768
2018-07-07,6885.91015625,503.1990051269531,0.0026710000820457935,0.15138499438762665
2018-07-08,6838.68017578125,490.85198974609375,0.0026489999145269394,0.14611099660396576
2018-07-09,6767.740234375,478.3179931640625,0.0026229999493807554,0.14065399765968323
2018-07-10,6444.9599609375,447.3160095214844,0.002474999986588955,0.13392500579357147
2018-07-11,6397.10009765625,446.50201416015625,0.0024250000715255737,0.13155999779701233
2018-07-12,6310.5498046875,442.3630065917969,0.0023560000117868185,0.14172899723052979
2018-07-13,6298.18994140625,439.4339904785156,0.002383999992161989,0.13989099860191345
2018-07-14,6403.4599609375,454.0010070800781,0.00241499999538064,0.14551100134849548
2018-07-15,6741.75,480.6579895019531,0.0028689999599009752,0.1567550003528595
2018-07-16,7387.240234375,508.7799987792969,0.003260999917984009,0.17461900413036346
2018-07-17,7534.990234375,513.4329833984375,0.004313999786973,0.19292999804019928
2018-07-18,7494.4599609375,483.239990234375,0.003949999809265137,0.18949900567531586
2018-07-19,7594.669921875,469.3070068359375,0.003836000105366111,0.18264999985694885
2018-07-20,7437.64013671875,468.0830078125,0.0035310001112520695,0.16884100437164307
2018-07-21,7537.9501953125,470.89801025390625,0.003582000033929944,0.17781400680541992
2018-07-22,7771.5,469.7659912109375,0.0036379999946802855,0.1793929934501648
2018-07-23,8424.26953125,481.1419982910156,0.003667999990284443,0.17675699293613434
2018-07-24,8416.8701171875,482.8680114746094,0.003659999929368496,0.17530399560928345
2018-07-25,8290.330078125,483.6960144042969,0.003645000047981739,0.1747400015592575
2018-07-26,8262.66015625,473.22198486328125,0.003461000043898821,0.16870899498462677
2018-07-27,8222.849609375,471.593994140625,0.003470000112429261,0.16622799634933472
2018-07-28,8272.259765625,470.3559875488281,0.003476999932900071,0.16477200388908386
2018-07-29,8235.5,467.9519958496094,0.0033519999124109745,0.16323399543762207
2018-07-30,8181.52978515625,457.2449951171875,0.003324999939650297,0.15418699383735657
2018-07-31,7769.0400390625,435.4570007324219,0.003160000080242753,0.14503799378871918
2018-08-01,7712.77001953125,425.03399658203125,0.003163000103086233,0.1424809992313385
2018-08-02,7562.14013671875,420.54901123046875,0.0029690000228583813,0.13483500480651855
2018-08-03,7497.490234375,420.1860046386719,0.002964999992400408,0.1345909982919693
2018-08-04,7102.77001953125,413.71600341796875,0.0029150000773370266,0.13202999532222748
2018-08-05,7166.5498046875,414.5400085449219,0.0029090000316500664,0.13640399277210236
2018-08-06,7146.56005859375,411.4049987792969,0.002827000105753541,0.1331000030040741
2018-08-07,6746.85009765625,380.6709899902344,0.002669000066816807,0.12559400498867035
2018-08-08,6625.72998046875,370.9460144042969,0.002592999953776598,0.1270820051431656
2018-08-09,6591.259765625,367.0450134277344,0.002609000075608492,0.12496600300073624
2018-08-10,6455.740234375,334.2640075683594,0.002460000105202198,0.11666899919509888
2018-08-11,6409.85009765625,328.5899963378906,0.0024399999529123306,0.1147880032658577
2018-08-12,6537.0498046875,323.5509948730469,0.0024510000366717577,0.11571399867534637
2018-08-13,6287.93994140625,286.364990234375,0.0023250000085681677,0.10277900099754333
2018-08-14,6588.490234375,303.5899963378906,0.00241199997253716,0.1010809987783432
2018-08-15,6473.5,298.47601318359375,0.002369999885559082,0.09857200086116791
2018-08-16,6582.5,316.1700134277344,0.002478000009432435,0.10991699993610382
2018-08-17,6617.35009765625,320.4460144042969,0.002498999936506152,0.11247699707746506
2018-08-18,6537.97998046875,307.0979919433594,0.002472999971359968,0.1043580025434494
2018-08-19,6536.919921875,304.37200927734375,0.0024850000627338886,0.10372799634933472
2018-08-20,6500.8701171875,285.9700012207031,0.0024309998843818903,0.09605100005865097
2018-08-21,6816.7900390625,297.4859924316406,0.002517000073567033,0.10012800246477127
2018-08-22,6546.5400390625,279.5459899902344,0.002397000091150403,0.09333900362253189
2018-08-23,6719.9599609375,283.302001953125,0.002435999922454357,0.09436299651861191
2018-08-24,6789.6298828125,283.5150146484375,0.0024389999452978373,0.09500700235366821
2018-08-25,6774.75,279.5249938964844,0.0024129999801516533,0.09462500363588333
2018-08-26,6884.64013671875,285.6029968261719,0.0024679999332875013,0.10079500079154968
2018-08-27,7109.56005859375,297.3999938964844,0.002618999918922782,0.10665500164031982
2018-08-28,7113.2998046875,297.0710144042969,0.0026199999265372753,0.108924001455307
2018-08-29,7072.68994140625,291.2430114746094,0.0032689999788999557,0.10714399814605713
2018-08-30,7057.169921875,284.5509948730469,0.0048489999026060104,0.10275600105524063
2018-08-31,7242.2900390625,301.1440124511719,0.0067529999651014805,0.1089010015130043
2018-09-01,7306.31005859375,298.6860046386719,0.006554000079631805,0.10718200355768204
2018-09-02,7317.93994140625,295.59100341796875,0.005549999885261059,0.10519299656152725
2018-09-03,7388.259765625,291.5799865722656,0.005322999786585569,0.1065090000629425
2018-09-04,7388.43017578125,288.1629943847656,0.005394000094383955,0.10621699690818787
2018-09-05,6755.14013671875,231.7550048828125,0.005092000123113394,0.08942899852991104
2018-09-06,6555.2900390625,233.89599609375,0.0054419999942183495,0.08964499831199646
2018-09-07,6534.25,220.36700439453125,0.00585799990221858,0.0851299986243248
2018-09-08,6446.259765625,207.66600036621094,0.005843000020831823,0.08114799857139587
2018-09-09,6374.97998046875,201.88299560546875,0.006932999938726425,0.0781330019235611
2018-09-10,6398.919921875,198.50599670410156,0.006930999923497438,0.07474999874830246
2018-09-11,6363.8701171875,185.58700561523438,0.0064570000395178795,0.0707940012216568
2018-09-12,6535.41015625,214.0019989013672,0.00660899979993701,0.07093100249767303
2018-09-13,6596.10009765625,222.79400634765625,0.006657999940216541,0.07071900367736816
2018-09-14,6561.72021484375,226.60400390625,0.006266999989748001,0.07036499679088593
2018-09-15,6544.330078125,222.80299377441406,0.0065310001373291016,0.06998100131750107
2018-09-16,6540.2099609375,224.26100158691406,0.006546999793499708,0.07027000188827515
2018-09-17,6384.18017578125,213.35699462890625,0.006279999855905771,0.07022000104188919
2018-09-18,6448.4599609375,213.87100219726562,0.006031000055372715,0.07441399991512299
2018-09-19,6529.259765625,224.8179931640625,0.005900000222027302,0.08266100287437439
2018-09-20,6794.330078125,248.38800048828125,0.005960999988019466,0.08990799635648727
2018-09-21,6814.56005859375,251.1959991455078,0.005816999822854996,0.08839000016450882
2018-09-22,6766.14990234375,247.46400451660156,0.005907000042498112,0.09322500228881836
2018-09-23,6713.56005859375,245.10800170898438,0.006066999863833189,0.09135399758815765
2018-09-24,6603.64013671875,228.32699584960938,0.005793999880552292,0.0823030024766922
2018-09-25,6585.91015625,221.43699645996094,0.005752999801188707,0.08287099748849869
2018-09-26,6712.10009765625,230.60699462890625,0.005909999832510948,0.08763600140810013
2018-09-27,6785.02978515625,231.7480010986328,0.00596500001847744,0.08832699805498123
2018-09-28,6643.10009765625,234.01400756835938,0.005898000206798315,0.08637099713087082
2018-09-29,6643.77978515625,236.98599243164062,0.005909999832510948,0.08680400252342224
2018-09-30,6653.2998046875,234.14500427246094,0.006023999769240618,0.0858059972524643
2018-10-01,6611.83984375,231.16700744628906,0.005963999778032303,0.08468099683523178
2018-10-02,6571.4599609375,226.45799255371094,0.00582600012421608,0.08240500092506409
2018-10-03,6603.31005859375,226.1479949951172,0.0057669999077916145,0.08278899639844894
2018-10-04,6623.6201171875,228.31900024414062,0.005743999965488911,0.08309099823236465
2018-10-05,6628.5400390625,227.92599487304688,0.005770000163465738,0.08372899889945984
2018-10-06,6641.490234375,226.3699951171875,0.005574999842792749,0.08515100181102753
2018-10-07,6675.06005859375,230.76499938964844,0.005652000196278095,0.08816900104284286
2018-10-08,6661.41015625,230.16099548339844,0.005638999864459038,0.08751100301742554
2018-10-09,6640.2900390625,227.70700073242188,0.005648000165820122,0.08643200248479843
2018-10-10,6586.740234375,225.61000061035156,0.005547000095248222,0.08455199748277664
2018-10-11,6328.5,199.4010009765625,0.005282999947667122,0.07587999850511551
2018-10-12,6308.509765625,201.2790069580078,0.0052720000967383385,0.07489000260829926
2018-10-13,6363.2099609375,201.82699584960938,0.005222999956458807,0.07377500087022781
2018-10-14,6965.06005859375,222.1179962158203,0.005456999875605106,0.07862400263547897
2018-10-15,6673.58984375,212.17300415039062,0.005222000181674957,0.07662499696016312
2018-10-16,6601.2099609375,211.125,0.005024999845772982,0.07827100157737732
2018-10-17,6567.5400390625,208.47000122070312,0.004728999920189381,0.07795500010251999
2018-10-18,6493.68017578125,204.66299438476562,0.00456599984318018,0.0764629989862442
2018-10-19,6497.72021484375,206.2220001220703,0.004557999782264233,0.0771460011601448
2018-10-20,6556.3798828125,208.15499877929688,0.004602000117301941,0.07753600180149078
2018-10-21,6543.7998046875,206.9320068359375,0.004534999839961529,0.0765099972486496
2018-10-22,6506.009765625,205.1510009765625,0.004401000216603279,0.07613900303840637
2018-10-23,6521.990234375,205.58099365234375,0.004162999801337719,0.07565200328826904
2018-10-24,6504.64990234375,204.1320037841797,0.003920999821275473,0.07434500008821487
2018-10-25,6498.2900390625,204.77999877929688,0.003984000068157911,0.07395999878644943
2018-10-26,6507.41015625,206.08200073242188,0.004255999810993671,0.07379200309515
2018-10-27,6502.27978515625,205.91900634765625,0.004188000224530697,0.07329600304365158
2018-10-29,6503.60009765625,205.5970001220703,0.004064000211656094,0.07321500033140182
2018-10-30,6364.990234375,198.1219940185547,0.0039079999551177025,0.07002399861812592
2018-10-31,6349.16015625,198.33799743652344,0.003872999921441078,0.06982900202274323
2018-11-01,6547.14013671875,203.75399780273438,0.003951000049710274,0.07146400213241577
2018-11-02,6396.85986328125,201.2689971923828,0.003809999907389283,0.07304000109434128
2018-11-03,6400.06982421875,200.74000549316406,0.003785999957472086,0.07262100279331207
2018-11-04,6388.6298828125,211.27200317382812,0.0037879999727010727,0.07730700075626373
2018-11-05,6480.58984375,210.81900024414062,0.0037440001033246517,0.07887999713420868
2018-11-06,6463.5498046875,218.45199584960938,0.0037320000119507313,0.0809520035982132
2018-11-07,6552.16015625,221.65199279785156,0.0037189999129623175,0.08130999654531479
2018-11-08,6536.919921875,218.33799743652344,0.003659999929368496,0.07942400127649307
2018-11-09,6456.4599609375,213.3159942626953,0.0033730000723153353,0.07742899656295776
2018-11-10,6437.27978515625,213.85699462890625,0.0033470001071691513,0.07599200308322906
2018-11-11,6423.25,212.99899291992188,0.003286000108346343,0.07737299799919128
2018-11-12,6434.2099609375,212.6230010986328,0.003172999946400523,0.0772159993648529
2018-11-13,6395.27001953125,210.51499938964844,0.0030869999900460243,0.07596500217914581
2018-11-14,6371.5498046875,207.0449981689453,0.0029539999086409807,0.07344099879264832
2018-11-15,5774.81982421875,184.25100708007812,0.002816000021994114,0.06524500250816345
2018-11-16,5657.02001953125,181.35000610351562,0.002819000044837594,0.0640529990196228
2018-11-17,5578.580078125,175.8509979248047,0.002770999912172556,0.06106200069189072
2018-11-18,5653.60986328125,179.15199279785156,0.002644999884068966,0.06293299794197083
2018-11-19,5620.77978515625,177.1790008544922,0.0027169999666512012,0.06190299987792969
2018-11-20,4951.60986328125,151.2530059814453,0.0024369999300688505,0.05273199826478958
2018-11-21,4675.72998046875,138.88999938964844,0.0025049999821931124,0.04822999984025955
2018-11-22,4629.64013671875,137.74000549316406,0.002481000032275915,0.04853200167417526
2018-11-23,4396.419921875,127.02799987792969,0.0024190000258386135,0.0446619987487793
2018-11-24,4413.08984375,126.78800201416016,0.0023900000378489494,0.044300999492406845
2018-11-25,4120.8701171875,118.88099670410156,0.0022619999945163727,0.03883599862456322
2018-11-26,4107.14013671875,118.20099639892578,0.0022539999336004257,0.03937799856066704
2018-11-27,3862.9599609375,111.84200286865234,0.0021059999708086252,0.03698199987411499
2018-11-28,4385.89990234375,126.0479965209961,0.002302000066265464,0.04410799965262413
2018-11-29,4413.0205078125,123.22972106933594,0.0022770001087337732,0.04451800137758255
2018-11-30,4322.9765625,119.42376708984375,0.002254999941214919,0.042309001088142395
2018-12-01,4309.37744140625,120.8414535522461,0.0022789998911321163,0.042520999908447266
2018-12-02,4301.51953125,120.56204986572266,0.002271000063046813,0.043285999447107315
2018-12-03,4155.9794921875,116.61906433105469,0.002386000007390976,0.04188400134444237
2018-12-04,4075.627685546875,113.14291381835938,0.0023789999540895224,0.03984199836850166
2018-12-05,3969.535888671875,110.5986099243164,0.002257999964058399,0.037714000791311264
2018-12-06,3874.966064453125,104.1034927368164,0.0022269999608397484,0.03550099954009056
2018-12-07,3512.59033203125,96.08984375,0.0021389999892562628,0.030796999111771584
2018-12-08,3506.04345703125,97.05988311767578,0.0021569998934865,0.03180700168013573
2018-12-09,3685.3056640625,98.90003204345703,0.0021440000273287296,0.03251500055193901
2018-12-10,3647.33251953125,96.2573013305664,0.002119000069797039,0.03206799924373627
2018-12-11,3513.18505859375,92.7823257446289,0.0021009999327361584,0.030433999374508858
2018-12-12,3534.228515625,92.24055480957031,0.002136999974027276,0.03111499920487404
2018-12-13,3489.739501953125,91.11160278320312,0.002119000069797039,0.0307219997048378
2018-12-14,3329.555908203125,87.14494323730469,0.002085000043734908,0.0295570008456707
2018-12-15,3275.3779296875,85.34274291992188,0.0021210000850260258,0.028567999601364136
2018-12-16,3305.753173828125,87.56812286376953,0.002145000034943223,0.029696999117732048
2018-12-17,3597.91796875,96.8050537109375,0.002715999959036708,0.03384999930858612
2018-12-18,3701.349365234375,101.32023620605469,0.002689999993890524,0.034912001341581345
2018-12-19,3949.322998046875,108.54905700683594,0.002770999912172556,0.03826500102877617
2018-12-20,4191.228515625,117.17012786865234,0.002778999973088503,0.039886001497507095
2018-12-21,4198.4296875,119.09416198730469,0.002744999947026372,0.045510001480579376
2018-12-22,4014.1826171875,116.7594985961914,0.002560999942943454,0.042155999690294266
2018-12-23,4085.7236328125,133.07530212402344,0.0025889999233186245,0.04485499858856201
2018-12-24,4271.79248046875,157.668701171875,0.002638000063598156,0.049281999468803406
2018-12-25,4089.5615234375,140.99758911132812,0.0025549998972564936,0.04567499831318855
2018-12-26,3893.359619140625,136.67724609375,0.002495999913662672,0.04303500056266785
2018-12-27,3874.4169921875,132.67706298828125,0.002486000070348382,0.041689999401569366
2018-12-28,3956.135986328125,137.6470184326172,0.0024470000062137842,0.04263399913907051
2018-12-29,3963.7587890625,147.03433227539062,0.002445999998599291,0.04394000023603439
2018-12-30,3901.908935546875,140.6890869140625,0.0024019998963922262,0.043664999306201935
2018-12-31,3868.742919921875,140.18115234375,0.0023950000759214163,0.04336399957537651
2019-01-01,3850.913818359375,141.3975067138672,0.002392000053077936,0.04254699870944023
2019-01-02,3947.981201171875,156.92913818359375,0.0024580000899732113,0.045563001185655594
2019-01-03,3935.68505859375,155.86305236816406,0.0024139999877661467,0.04525899887084961
2019-01-04,3865.9345703125,156.8789825439453,0.002397000091150403,0.044091999530792236
2019-01-05,3904.903076171875,160.82489013671875,0.0023499999660998583,0.045570001006126404
2019-01-06,4093.29736328125,159.37144470214844,0.0023709998931735754,0.049637001007795334
2019-01-07,4092.613525390625,158.45042419433594,0.0023350000847131014,0.05074400082230568
2019-01-08,4109.02099609375,153.6257781982422,0.002320999978110194,0.05002100020647049
2019-01-09,4068.403564453125,153.62225341796875,0.0023070001043379307,0.05274000018835068
2019-01-10,4064.066650390625,152.1482696533203,0.0022950000129640102,0.05463600158691406
2019-01-11,3713.8818359375,130.1659393310547,0.0021490000654011965,0.04515700042247772
2019-01-12,3698.978271484375,128.66612243652344,0.002157999901100993,0.04462999850511551
2019-01-13,3674.760009765625,126.26787567138672,0.002171000000089407,0.04381199926137924
2019-01-14,3727.836181640625,130.8567352294922,0.0021979999728500843,0.04448400065302849
2019-01-15,3720.1533203125,130.74356079101562,0.0021879998967051506,0.04438500106334686
2019-01-16,3685.777099609375,127.11824798583984,0.0021410000044852495,0.045246999710798264
2019-01-17,3680.135986328125,124.27072143554688,0.0021470000501722097,0.04622200131416321
2019-01-18,3682.52001953125,123.84169006347656,0.0021170000545680523,0.04530800133943558
2019-01-19,3758.533447265625,125.90422821044922,0.00215999991632998,0.04644099995493889
2019-01-20,3743.387939453125,125.07038879394531,0.00215300009585917,0.04598100110888481
2019-01-21,3608.8408203125,119.71543884277344,0.002122000092640519,0.04367100074887276
2019-01-22,3620.74658203125,119.66434478759766,0.0021120000164955854,0.04408000037074089
2019-01-23,3623.06787109375,119.42279815673828,0.002067999914288521,0.04411200061440468
2019-01-24,3616.08740234375,118.0321044921875,0.0020729999523609877,0.043487001210451126
2019-01-25,3612.927734375,117.80299377441406,0.0021830000914633274,0.043248001486063004
2019-01-26,3654.93310546875,118.08411407470703,0.0021520000882446766,0.04353899881243706
2019-01-27,3612.67138671875,116.68540954589844,0.0020959998946636915,0.04267999902367592
2019-01-28,3586.7509765625,113.688232421875,0.0020280000753700733,0.04131799936294556
2019-01-29,3476.0654296875,107.16578674316406,0.001970000099390745,0.039420001208782196
2019-01-30,3495.1748046875,109.4529800415039,0.001970000099390745,0.04007500037550926
2019-01-31,3504.804931640625,110.45835876464844,0.001986999996006489,0.04028699919581413
2019-02-01,3501.9541015625,108.63871002197266,0.0019280000124126673,0.039135999977588654
2019-02-02,3523.287353515625,110.65387725830078,0.001955999992787838,0.03931700065732002
2019-02-03,3521.38818359375,110.82735443115234,0.0019570000004023314,0.03941100090742111
2019-02-04,3476.223876953125,108.70103454589844,0.0019320000428706408,0.03859499841928482
2019-02-05,3478.148193359375,108.1347885131836,0.0019130000146105886,0.038346998393535614
2019-02-06,3469.091796875,107.56930541992188,0.0019020000472664833,0.03799299895763397
2019-02-07,3427.945556640625,106.05887603759766,0.0018899999558925629,0.037181999534368515
2019-02-08,3695.614013671875,119.80581665039062,0.0019570000004023314,0.041207000613212585
2019-02-09,3679.94140625,120.68973541259766,0.001996000064536929,0.0419900007545948
2019-02-10,3695.0361328125,124.85362243652344,0.0019529999699443579,0.042994000017642975
2019-02-11,3695.613037109375,124.87153625488281,0.0019460000330582261,0.042771998792886734
2019-02-12,3668.5869140625,123.46829986572266,0.0019109999993816018,0.04199099913239479
2019-02-13,3669.74658203125,125.55069732666016,0.0019099999917671084,0.04230999946594238
2019-02-14,3646.256591796875,124.45198822021484,0.001908999984152615,0.04135499894618988
2019-02-15,3647.795166015625,123.66012573242188,0.0019150000298395753,0.04136599972844124
2019-02-16,3652.84130859375,124.13481140136719,0.0019290000200271606,0.04125399887561798
2019-02-17,3680.537353515625,134.46009826660156,0.001993000041693449,0.041843999177217484
2019-02-18,3936.6650390625,147.68658447265625,0.002124000107869506,0.04668999835848808
2019-02-19,4010.87939453125,149.9299774169922,0.0021389999892562628,0.04802599921822548
2019-02-20,4000.486328125,149.55433654785156,0.0020810000132769346,0.04766499996185303
2019-02-21,4010.009521484375,149.35232543945312,0.0020779999904334545,0.04777900129556656
2019-02-22,4006.538330078125,149.26861572265625,0.002070999937132001,0.04616300016641617
2019-02-23,4166.2861328125,159.12586975097656,0.002111000008881092,0.04888499900698662
2019-02-24,4210.6416015625,165.54962158203125,0.0021250001154839993,0.05045999959111214
2019-02-25,3913.707275390625,142.52557373046875,0.002044999971985817,0.04456799849867821
2019-02-26,3891.578857421875,139.9764404296875,0.002050000010058284,0.04401899874210358
2019-02-27,3888.802490234375,141.3362274169922,0.00203300011344254,0.04382200166583061
2019-02-28,3906.058349609375,138.84713745117188,0.0020240000449121,0.04372499883174896
2019-03-01,3907.79541015625,138.99526977539062,0.0020200000144541264,0.044112998992204666
2019-03-02,3874.607421875,137.18479919433594,0.0020129999611526728,0.04353199899196625
2019-03-03,3875.483642578125,135.8492889404297,0.0020240000449121,0.04299600049853325
2019-03-04,3867.3818359375,132.72914123535156,0.002010999945923686,0.04247700050473213
2019-03-05,3903.916748046875,138.22998046875,0.002002999885007739,0.04335299879312515
2019-03-06,3919.510498046875,139.9688262939453,0.0019920000340789557,0.043469998985528946
2019-03-07,3939.373291015625,140.85787963867188,0.0020149999763816595,0.043581001460552216
2019-03-08,3950.43212890625,139.4990997314453,0.001998000079765916,0.043793998658657074
2019-03-09,3987.23779296875,139.11941528320312,0.0020149999763816595,0.04695099964737892
2019-03-10,3966.17431640625,138.2703094482422,0.0020039998926222324,0.04675399884581566
2019-03-11,3966.384765625,137.35340881347656,0.002005999907851219,0.04852500185370445
2019-03-12,3926.88916015625,135.27346801757812,0.00203000009059906,0.04821600019931793
2019-03-13,3926.59765625,134.6117706298828,0.002053000032901764,0.048583999276161194
2019-03-14,3946.50439453125,135.18084716796875,0.0020439999643713236,0.04825200140476227
2019-03-15,3968.54296875,138.3951416015625,0.0020580000709742308,0.050829000771045685
2019-03-16,4077.036376953125,144.55844116210938,0.0020989999175071716,0.051876001060009
2019-03-17,4054.1220703125,142.37191772460938,0.002090000081807375,0.05176199972629547
2019-03-18,4071.556640625,142.2672119140625,0.0020940001122653484,0.05113400146365166
2019-03-19,4082.216064453125,140.9890594482422,0.0021059999708086252,0.05369099974632263
2019-03-20,4089.4619140625,140.94557189941406,0.0020920000970363617,0.053922999650239944
2019-03-21,4097.35986328125,141.00323486328125,0.002073999959975481,0.054958000779151917
2019-03-22,4053.90673828125,138.79429626464844,0.002073999959975481,0.059172000735998154
2019-03-23,4049.882568359375,139.38539123535156,0.0020800000056624413,0.06472700089216232
2019-03-24,4040.69970703125,138.3756103515625,0.0020800000056624413,0.06434699892997742
2019-03-25,4038.8408203125,137.69534301757812,0.002065999899059534,0.06185000017285347
2019-03-26,3985.080810546875,135.46035766601562,0.002061000093817711,0.062369998544454575
2019-03-27,4087.066162109375,141.07546997070312,0.0020890000741928816,0.06833100318908691
2019-03-28,4094.902099609375,141.0079345703125,0.0020920000970363617,0.06759300082921982
2019-03-29,4113.5009765625,142.5492401123047,0.0021019999403506517,0.07277700304985046
2019-03-30,4296.806640625,149.6132354736328,0.00216599996201694,0.07371199876070023
2019-03-31,4164.953125,142.73399353027344,0.0025319999549537897,0.07275599986314774
2019-03-31,4113.0234375,142.189208984375,0.002099999925121665,0.07212500274181366
2019-04-01,4905.95458984375,165.22682189941406,0.002862999914214015,0.08546700328588486
2019-04-02,5307.00341796875,178.32205200195312,0.0036559998989105225,0.09995800256729126
2019-04-03,5063.15966796875,164.92921447753906,0.004095999989658594,0.09408800303936005
2019-04-04,5053.509765625,167.2203826904297,0.003754999954253435,0.092228002846241
2019-04-05,5205.82177734375,172.51577758789062,0.003593999892473221,0.09368100017309189
2019-04-06,5235.1865234375,175.21316528320312,0.0035170000046491623,0.09128600358963013
2019-04-07,5318.83642578125,184.3778533935547,0.0034370000939816236,0.0916220024228096
2019-04-08,5289.91796875,180.2542266845703,0.0030700000934302807,0.08701799809932709
2019-04-09,5421.6513671875,183.13427734375,0.0030799999367445707,0.09247899800539017
2019-04-10,5354.2255859375,177.48748779296875,0.003031000029295683,0.09071599692106247
2019-04-11,5103.2744140625,166.1275177001953,0.0028729999903589487,0.08537600189447403
2019-04-12,5127.1220703125,166.3624267578125,0.0029060000088065863,0.08550699800252914
2019-04-13,5184.01611328125,168.59103393554688,0.002902999985963106,0.0854789987206459
2019-04-14,5196.60693359375,168.81845092773438,0.00292299990542233,0.08563400059938431
2019-04-15,5238.9453125,167.66632080078125,0.002856000093743205,0.08386000245809555
2019-04-16,5274.275390625,168.93858337402344,0.0028609998989850283,0.08455999940633774
2019-04-17,5319.986328125,175.36532592773438,0.002957999939098954,0.08388300240039825
2019-04-18,5336.68017578125,173.97889709472656,0.002948000095784664,0.08178199827671051
2019-04-19,5358.49072265625,176.705810546875,0.002902999985963106,0.0795150026679039
2019-04-20,5359.9248046875,174.4207763671875,0.0029060000088065863,0.07797800004482269
2019-04-21,5422.6875,173.06912231445312,0.002824000082910061,0.07937599718570709
2019-04-22,5633.80224609375,176.8507843017578,0.002856000093743205,0.08033300191164017
2019-04-23,5642.04443359375,171.57321166992188,0.002778999973088503,0.07583999633789062
2019-04-24,5542.23828125,166.51341247558594,0.0026199999265372753,0.07603000104427338
2019-04-25,5383.63427734375,158.0290069580078,0.0025259999092668295,0.07082799822092056
2019-04-26,5310.75,160.58941650390625,0.0025450000539422035,0.071602001786232
2019-04-27,5326.23193359375,159.5653839111328,0.0025629999581724405,0.0706460028886795
2019-04-28,5311.27490234375,158.33392333984375,0.0025510000996291637,0.06897000223398209
2019-04-29,5363.25732421875,162.4322509765625,0.0025190000887960196,0.07034599781036377
2019-04-30,5418.00390625,164.06068420410156,0.0025510000996291637,0.07077000290155411
2019-05-01,5522.2626953125,162.93701171875,0.002655999967828393,0.06971000134944916
2019-05-02,5865.8818359375,170.06874084472656,0.002753000007942319,0.07193700224161148
2019-05-03,5886.8935546875,170.64593505859375,0.0027830000035464764,0.07195399701595306
2019-05-04,5833.86279296875,165.3999786376953,0.0027089999057352543,0.06796599924564362
2019-05-05,5802.95751953125,175.76010131835938,0.00266100000590086,0.06847099959850311
2019-05-06,5988.17822265625,180.3944091796875,0.0026320000179111958,0.0686430037021637
2019-05-07,5989.98095703125,172.1835479736328,0.002572000026702881,0.06498999893665314
2019-05-08,6183.0390625,172.88040161132812,0.002553999889642,0.06506899744272232
2019-05-09,6434.61767578125,175.88526916503906,0.002558999927714467,0.0648370012640953
2019-05-10,7333.0029296875,203.46664428710938,0.0027989998925477266,0.07843200117349625
2019-05-11,7503.8720703125,201.88148498535156,0.0028200000524520874,0.07675399631261826
2019-05-12,8047.4130859375,205.0982666015625,0.0028230000752955675,0.07661200314760208
2019-05-13,8268.712890625,217.87464904785156,0.003198999911546707,0.0845709964632988
2019-05-14,8216.423828125,247.44659423828125,0.003317000111564994,0.09490200132131577
2019-05-15,8320.82421875,275.3944396972656,0.0035210000351071358,0.10040199756622314
2019-05-16,7929.1455078125,266.9796142578125,0.003186000045388937,0.09082499891519547
2019-05-17,7447.27197265625,246.36276245117188,0.0030539999715983868,0.08487900346517563
2019-05-18,8261.94140625,263.7409973144531,0.0031950001139193773,0.08822900056838989
2019-05-19,8200.9677734375,261.55126953125,0.003186000045388937,0.08699300140142441
2019-05-20,8062.16796875,262.1075439453125,0.003111999947577715,0.08644299954175949
2019-05-21,7997.6123046875,258.8018493652344,0.003091000020503998,0.08545999974012375
2019-05-22,7943.79150390625,247.61663818359375,0.0029800001066178083,0.0806950032711029
2019-05-23,8140.7197265625,255.25933837890625,0.0030219999607652426,0.0833749994635582
2019-05-24,8117.92578125,257.3568420410156,0.003011000109836459,0.0825589969754219
2019-05-25,8687.5205078125,269.1665344238281,0.003114999970421195,0.08693599700927734
2019-05-26,8907.1748046875,278.50726318359375,0.003206999972462654,0.09347599744796753
2019-05-27,8807.0166015625,274.3208312988281,0.0031679999083280563,0.09324800223112106
2019-05-28,8755.8525390625,273.75628662109375,0.0031510000117123127,0.09376899898052216
2019-05-29,9008.314453125,287.2016296386719,0.003599999938160181,0.09676799923181534
2019-05-30,8586.6591796875,268.6599426269531,0.00344299990683794,0.0899370014667511
2019-05-31,8625.6005859375,273.5579833984375,0.0035200000274926424,0.09281499683856964
2019-06-01,8809.3037109375,272.8072204589844,0.003447999944910407,0.09751900285482407
2019-06-02,8743.5,270.3341064453125,0.0034099998883903027,0.09834200143814087
2019-06-03,8210.9853515625,252.5116424560547,0.0032130000181496143,0.08844699710607529
2019-06-04,7901.84912109375,248.1381378173828,0.0030980000738054514,0.08511699736118317
2019-06-05,7937.3408203125,249.9445037841797,0.0031240000389516354,0.08397900313138962
2019-06-06,8126.1533203125,254.352294921875,0.0031950001139193773,0.08767200261354446
2019-06-07,8076.89111328125,252.3773956298828,0.003191000083461404,0.08659400045871735
2019-06-08,7975.97412109375,245.9728240966797,0.003218000056222081,0.08427800238132477
2019-06-09,8031.90966796875,247.66217041015625,0.0031349998898804188,0.08568499982357025
2019-06-10,8026.39404296875,248.66258239746094,0.0031429999507963657,0.08916900306940079
2019-06-11,8196.6484375,261.017578125,0.003094000043347478,0.09655400365591049
2019-06-12,8311.5673828125,262.1631164550781,0.0031679999083280563,0.0969879999756813
2019-06-13,8710.63671875,265.37139892578125,0.0031419999431818724,0.0912489965558052
2019-06-14,8859.1279296875,271.5055847167969,0.003203999949619174,0.09273800253868103
2019-06-15,9335.8671875,278.1431884765625,0.0033360000234097242,0.09427899867296219
2019-06-16,9416.4072265625,275.44256591796875,0.0032250001095235348,0.09390799701213837
2019-06-17,9348.3740234375,274.32025146484375,0.003198999911546707,0.09369800239801407
2019-06-18,9299.62109375,270.3333740234375,0.003154000034555793,0.09158200025558472
2019-06-19,9594.419921875,274.0735168457031,0.003203999949619174,0.0902630016207695
2019-06-20,10144.556640625,295.3033142089844,0.0032510000746697187,0.09129399806261063
2019-06-21,11157.345703125,315.1897277832031,0.0033539999276399612,0.09783399850130081
2019-06-22,11246.14453125,318.565673828125,0.003496000077575445,0.10214400291442871
2019-06-23,11065.896484375,312.329345703125,0.0034310000482946634,0.0990699976682663
2019-06-24,11790.9169921875,318.1263122558594,0.0033950000070035458,0.09824199974536896
2019-06-25,13796.4892578125,361.398681640625,0.003449999960139394,0.10690999776124954
2019-06-26,13311.14453125,343.4334411621094,0.003495000069960952,0.09954900294542313
2019-06-27,12445.1748046875,313.03155517578125,0.0035230000503361225,0.08969099819660187
2019-06-28,12400.91015625,322.0435485839844,0.0034860000014305115,0.09108900278806686
2019-06-29,12178.3837890625,322.7895812988281,0.0034459999296814203,0.09116800129413605
2019-06-30,11206.439453125,301.0261535644531,0.003324999939650297,0.08589500188827515
2019-07-01,10912.1884765625,295.6558532714844,0.0033599999733269215,0.08459799736738205
2019-07-02,11968.078125,303.342041015625,0.0033360000234097242,0.08379200100898743
2019-07-03,12006.0751953125,303.9611511230469,0.0033569999504834414,0.08300700038671494
2019-07-04,11395.6611328125,293.921142578125,0.00447099981829524,0.07809100300073624
2019-07-05,11620.96484375,295.9914245605469,0.003967999946326017,0.08028999716043472
2019-07-06,11541.6201171875,310.1393127441406,0.003657999914139509,0.0802609995007515
2019-07-07,12345.8330078125,314.26788330078125,0.0036440000403672457,0.08225899934768677
2019-07-08,12779.1318359375,318.2231140136719,0.0036150000523775816,0.08082100003957748
2019-07-09,13129.529296875,313.0694580078125,0.003599999938160181,0.07832200080156326
2019-07-10,12144.623046875,290.02105712890625,0.0034260000102221966,0.07201100140810013
2019-07-11,11905.4873046875,278.8555908203125,0.0033680000342428684,0.0708409994840622
2019-07-12,11841.95703125,276.68524169921875,0.003350999904796481,0.07091899961233139
2019-07-13,11451.2041015625,269.6412353515625,0.003258999902755022,0.06718400120735168
2019-07-14,11052.7666015625,235.02565002441406,0.0031330001074820757,0.06030000001192093
2019-07-15,10996.6328125,234.5138397216797,0.0031250000465661287,0.060982998460531235
2019-07-16,9963.134765625,217.9756317138672,0.0031769999768584967,0.05791100114583969
2019-07-17,10736.8427734375,229.23939514160156,0.0031449999660253525,0.059512000530958176
2019-07-18,10716.98046875,226.9404754638672,0.0031349998898804188,0.060805998742580414
2019-07-19,11048.662109375,234.19845581054688,0.0031870000530034304,0.06513199955224991
2019-07-20,10841.8876953125,229.86166381835938,0.0031659998930990696,0.06421399861574173
2019-07-21,10651.791015625,226.86257934570312,0.003100000089034438,0.062066998332738876
2019-07-22,10346.748046875,218.51805114746094,0.003003000048920512,0.05955599993467331
2019-07-23,9908.796875,217.53543090820312,0.0029170000925660133,0.059115998446941376
2019-07-24,10154.25390625,224.2541961669922,0.003017999930307269,0.06057300046086311
2019-07-25,9916.517578125,220.23638916015625,0.0029490001033991575,0.06291300058364868
2019-07-26,10167.3203125,223.5172576904297,0.0030300000216811895,0.06367699801921844
2019-07-27,9575.544921875,212.04183959960938,0.002887000096961856,0.05999999865889549
2019-07-28,9681.6484375,213.9320526123047,0.002896999940276146,0.06197499856352806
2019-07-29,9701.759765625,213.61407470703125,0.0028880001045763493,0.0611799992620945
2019-07-30,10085.6279296875,218.65414428710938,0.002908000024035573,0.06091399863362312
2019-07-31,10446.919921875,218.81265258789062,0.0029589999467134476,0.06028800085186958
2019-08-01,10657.953125,222.1825714111328,0.0029750000685453415,0.05893599987030029
2019-08-02,10946.78125,224.62322998046875,0.002959999954327941,0.058364998549222946
2019-08-03,11009.20703125,224.227294921875,0.002983999904245138,0.05818499997258186
2019-08-04,11895.091796875,235.63528442382812,0.0031620000954717398,0.05836300179362297
2019-08-05,12273.8212890625,239.11590576171875,0.0033160001039505005,0.05667800083756447
2019-08-06,12036.990234375,229.6565704345703,0.0030499999411404133,0.05407499894499779
2019-08-07,11979.419921875,226.77471923828125,0.003011999884620309,0.05293300002813339
2019-08-08,11970.4580078125,221.3643341064453,0.0029329999815672636,0.05205800011754036
2019-08-09,11915.6552734375,213.73483276367188,0.00292899995110929,0.053137000650167465
2019-08-10,11523.5791015625,216.59864807128906,0.002901999978348613,0.05592799931764603
2019-08-11,11528.189453125,216.14256286621094,0.0029009999707341194,0.0547959990799427
2019-08-12,11420.0498046875,211.38441467285156,0.0028899998869746923,0.053011998534202576
2019-08-13,10889.556640625,209.06643676757812,0.0028299998957663774,0.05349599942564964
2019-08-14,10437.4111328125,189.462158203125,0.002753000007942319,0.048016998916864395
2019-08-15,10524.349609375,188.9055938720703,0.002713999943807721,0.04753600060939789
2019-08-16,10452.625,186.70314025878906,0.002689999993890524,0.048044998198747635
2019-08-17,10487.0703125,197.52249145507812,0.002730000065639615,0.05120899900794029
2019-08-18,10916.0537109375,203.56015014648438,0.002827000105753541,0.05081300064921379
2019-08-19,10947.0419921875,203.0159912109375,0.0028069999534636736,0.050331000238657
2019-08-20,10798.7294921875,197.02743530273438,0.0027699999045580626,0.049226000905036926
2019-08-21,10232.99609375,194.41551208496094,0.0027310000732541084,0.05116099864244461
2019-08-22,10442.443359375,195.906494140625,0.0028989999555051327,0.05026699975132942
2019-08-23,10418.0205078125,194.7849884033203,0.002725000027567148,0.051190998405218124
2019-08-24,10304.6220703125,192.163330078125,0.0028880001045763493,0.052604999393224716
2019-08-25,10512.328125,193.4421844482422,0.002828999888151884,0.050944000482559204
2019-08-26,10381.328125,188.9631805419922,0.002788000041618943,0.049949999898672104
2019-08-27,10279.3662109375,187.93087768554688,0.002633000025525689,0.05033300071954727
2019-08-28,9756.7861328125,173.99639892578125,0.0025239998940378428,0.04583499953150749
2019-08-29,9656.1240234375,170.7735137939453,0.0024870000779628754,0.04585599899291992
2019-08-30,9673.220703125,174.323974609375,0.0025289999321103096,0.04558499902486801
2019-08-31,9796.755859375,173.6968536376953,0.002532999962568283,0.04535700008273125
2019-09-01,10396.591796875,180.1452178955078,0.002615999896079302,0.04611299932003021
2019-09-02,10736.1044921875,182.34799194335938,0.002724000019952655,0.04739899933338165
2019-09-03,10762.64453125,180.1365966796875,0.0026950000319629908,0.04678900167346001
2019-09-04,10627.26953125,176.16390991210938,0.0026920000091195107,0.04554300010204315
2019-09-05,10898.76171875,177.7187042236328,0.0026400000788271427,0.044762998819351196
2019-09-06,10558.673828125,180.8516082763672,0.0025690000038594007,0.046585001051425934
2019-09-07,10595.6376953125,182.97708129882812,0.0025599999353289604,0.04765300080180168
2019-09-08,10450.3115234375,184.1494598388672,0.0025100000202655792,0.047210998833179474
2019-09-09,10394.353515625,184.0634307861328,0.002489000093191862,0.04814000055193901
2019-09-10,10215.9482421875,181.75746154785156,0.0024510000366717577,0.04663899913430214
2019-09-11,10442.25390625,181.99856567382812,0.002445999998599291,0.04641399905085564
2019-09-12,10441.4892578125,181.498291015625,0.0024319998919963837,0.045795001089572906
2019-09-13,10422.1337890625,188.44692993164062,0.0024510000366717577,0.04708800092339516
2019-09-14,10387.03515625,190.3993377685547,0.002486000070348382,0.04711399972438812
2019-09-15,10386.8671875,198.20497131347656,0.002491000108420849,0.047662001103162766
2019-09-16,10296.771484375,213.73194885253906,0.0026149998884648085,0.050429001450538635
2019-09-17,10275.9287109375,216.7115020751953,0.0029929999727755785,0.05492100119590759
2019-09-18,10295.6689453125,222.87168884277344,0.0027340000960975885,0.054614000022411346
2019-09-19,10285.8720703125,221.5985565185547,0.002715999959036708,0.052556999027729034
2019-09-20,10188.09765625,220.9582977294922,0.002672000089660287,0.05334800109267235
2019-09-21,10074.4443359375,216.08624267578125,0.002609000075608492,0.0519540011882782
2019-09-22,10074.23828125,211.84051513671875,0.0026000000070780516,0.04955499991774559
2019-09-23,9804.3173828125,203.50054931640625,0.0025019999593496323,0.04666600003838539
2019-09-24,8744.828125,174.7197723388672,0.0022430000826716423,0.04033400118350983
2019-09-25,8515.685546875,171.69264221191406,0.002228999976068735,0.04028699919581413
2019-09-26,8271.5205078125,175.61077880859375,0.0022279999684542418,0.03992399945855141
2019-09-27,8285.6171875,175.7787322998047,0.0022479998879134655,0.03976599872112274
2019-09-28,8261.70703125,175.21022033691406,0.0023360000923275948,0.03891700133681297
2019-09-29,8314.2314453125,179.87220764160156,0.0024160000029951334,0.03928700089454651
2019-09-30,8497.6923828125,185.0455322265625,0.0024969999212771654,0.03995800018310547
2019-10-01,8393.0419921875,180.8261260986328,0.0024109999649226665,0.03951599821448326
2019-10-02,8414.2275390625,180.79920959472656,0.002365000080317259,0.03972800076007843
2019-10-03,8260.0556640625,178.5520782470703,0.002363000065088272,0.04038500040769577
2019-10-04,8215.5263671875,177.71324157714844,0.0023769999388605356,0.03999299928545952
2019-10-05,8161.41015625,177.3645477294922,0.0023620000574737787,0.04032300040125847
2019-10-06,8308.4501953125,182.35635375976562,0.0024079999420791864,0.04189800098538399
2019-10-07,8332.71484375,184.35997009277344,0.00241800001822412,0.042180001735687256
2019-10-08,8627.7060546875,194.3004913330078,0.0024019998963922262,0.04331300035119057
2019-10-09,8625.2724609375,193.8969268798828,0.002400000113993883,0.04264099895954132
2019-10-10,8721.7802734375,195.3188018798828,0.002382999984547496,0.04216499999165535
2019-10-11,8415.2421875,186.3048858642578,0.002382999984547496,0.04123599827289581
2019-10-12,8470.98828125,185.07591247558594,0.0026179999113082886,0.04180099815130234
2019-10-13,8390.208984375,187.30361938476562,0.0026360000483691692,0.04216200113296509
2019-10-14,8410.71484375,187.75987243652344,0.0025649999734014273,0.04194800183176994
2019-10-15,8216.8125,181.66860961914062,0.002618999918922782,0.03995199874043465
2019-10-16,8134.83154296875,178.89955139160156,0.0029319999739527702,0.03953300043940544
2019-10-17,8138.41357421875,178.17979431152344,0.002862999914214015,0.03959399834275246
2019-10-18,8082.62939453125,175.6082305908203,0.002795000094920397,0.03967199847102165
2019-10-19,8281.818359375,176.71868896484375,0.0027749999426305294,0.039618998765945435
2019-10-20,8296.6943359375,177.74172973632812,0.002812999999150634,0.03955899924039841
2019-10-21,8296.6513671875,175.6500244140625,0.0027759999502450228,0.040109001100063324
2019-10-22,8092.99951171875,172.4205780029297,0.0025869999080896378,0.038979001343250275
2019-10-23,7532.86767578125,164.14756774902344,0.0025530001148581505,0.03810900077223778
2019-10-24,8691.5400390625,183.0001220703125,0.002713999943807721,0.04179900139570236
2019-10-25,10021.744140625,195.9425048828125,0.002858000108972192,0.04317700117826462
2019-10-26,9749.529296875,188.15533447265625,0.0027469999622553587,0.04298499971628189
2019-10-28,9805.1181640625,187.88316345214844,0.002722000004723668,0.0445530004799366
2019-10-29,9516.1806640625,191.8467559814453,0.0027280000504106283,0.04381899908185005
2019-10-30,9426.8740234375,191.1119384765625,0.002681999932974577,0.04433700069785118
2019-10-31,9383.1611328125,188.7512664794922,0.002675000112503767,0.042791999876499176
2019-11-01,9275.6572265625,185.05970764160156,0.0026390000712126493,0.042858000844717026
2019-11-02,9377.486328125,185.70895385742188,0.002650999929755926,0.04274500161409378
2019-11-03,9379.806640625,185.0242156982422,0.0026740001048892736,0.04268399998545647
2019-11-04,9505.0517578125,188.02293395996094,0.002644999884068966,0.04325700178742409
2019-11-05,9457.41796875,191.25782775878906,0.002650999929755926,0.04492799937725067
2019-11-06,9423.2373046875,193.54725646972656,0.0026499999221414328,0.046105001121759415
2019-11-07,9368.4765625,191.86109924316406,0.0027340000960975885,0.04501799866557121
2019-11-08,9272.759765625,188.81597900390625,0.0027310000732541084,0.04383699968457222
2019-11-09,8891.818359375,185.83853149414062,0.002741999924182892,0.04275500029325485
2019-11-10,9103.826171875,190.9206085205078,0.002785000018775463,0.0442270003259182
2019-11-11,9081.279296875,190.3384246826172,0.0027799999807029963,0.04412199929356575
2019-11-12,8853.7685546875,187.94802856445312,0.002735000103712082,0.044631000608205795
2019-11-13,8836.841796875,189.33187866210938,0.002725000027567148,0.044043999165296555
2019-11-14,8826.943359375,188.6345977783203,0.002698000054806471,0.043549999594688416
2019-11-15,8730.873046875,186.2518310546875,0.0026889999862760305,0.04443199932575226
2019-11-16,8591.9970703125,184.1552734375,0.002675000112503767,0.04465499892830849
2019-11-17,8727.7890625,188.19134521484375,0.0027179999742656946,0.04642299935221672
2019-11-18,8653.2802734375,186.92715454101562,0.0027149999514222145,0.04665200039744377
2019-11-19,8408.5166015625,182.5279998779297,0.0026080000679939985,0.044450998306274414
2019-11-20,8237.240234375,178.99314880371094,0.002698000054806471,0.04279400035738945
2019-11-21,8110.09814453125,176.20921325683594,0.0025659999810159206,0.041248999536037445
2019-11-22,7697.3828125,163.02809143066406,0.0025190000887960196,0.03868500143289566
2019-11-23,7442.2587890625,154.1015625,0.002506999997422099,0.038423001766204834
2019-11-24,7408.5771484375,153.96591186523438,0.0025100000202655792,0.03891599923372269
2019-11-25,7319.85693359375,150.2079620361328,0.0023690001107752323,0.03718400001525879
2019-11-26,7320.23046875,150.0047607421875,0.0023419999051839113,0.037073999643325806
2019-11-27,7619.693359375,154.88720703125,0.0023580000270158052,0.039799999445676804
2019-11-28,7730.07275390625,156.61358642578125,0.0023799999617040157,0.03999000042676926
2019-11-29,7781.1796875,156.84840393066406,0.0024580000899732113,0.04204000160098076
2019-11-30,7836.10205078125,156.69129943847656,0.0024739999789744616,0.04226800054311752
2019-12-01,7571.6162109375,152.49192810058594,0.002394000068306923,0.04042600095272064
2019-12-02,7474.81884765625,152.11695861816406,0.002311999909579754,0.0397690013051033
2019-12-03,7418.85888671875,150.3104248046875,0.0022559999488294125,0.03876100108027458
2019-12-04,7539.78466796875,150.68081665039062,0.0022410000674426556,0.03853299841284752
2019-12-05,7743.431640625,153.1553955078125,0.002305000089108944,0.038979001343250275
2019-12-06,7546.99658203125,149.67051696777344,0.0022799998987466097,0.03832300007343292
2019-12-07,7589.95166015625,149.79971313476562,0.0022479998879134655,0.0392489992082119
2019-12-08,7634.6064453125,152.39292907714844,0.002340999897569418,0.0392410010099411
2019-12-09,7618.091796875,151.9139404296875,0.0022509999107569456,0.03897399827837944
2019-12-10,7424.02294921875,148.56446838378906,0.0022219999227672815,0.0375560000538826
2019-12-11,7324.15625,147.1392059326172,0.002240000059828162,0.03732600063085556
2019-12-12,7266.6396484375,145.75164794921875,0.0021979999728500843,0.03693100064992905
2019-12-13,7293.560546875,145.8571014404297,0.002208000048995018,0.03737200051546097
2019-12-14,7308.83642578125,145.52908325195312,0.0022040000185370445,0.03752699866890907
2019-12-15,7181.07568359375,143.92535400390625,0.002171000000089407,0.036802999675273895
2019-12-16,7171.1689453125,143.224853515625,0.0021840000990778208,0.036715999245643616
2019-12-17,6964.0751953125,134.01153564453125,0.0021520000882446766,0.03428500145673752
2019-12-18,7324.98486328125,133.3941650390625,0.002191999927163124,0.034662000834941864
2019-12-19,7346.6025390625,134.19064331054688,0.0021989999804645777,0.03479300066828728
2019-12-20,7257.921875,129.7563018798828,0.0021410000044852495,0.034008998423814774
2019-12-21,7223.22607421875,129.1476593017578,0.002088000066578388,0.034074001014232635
2019-12-22,7518.033203125,133.1600341796875,0.0021200000774115324,0.034494999796152115
2019-12-23,7656.17626953125,134.73175048828125,0.002136999974027276,0.03458400070667267
2019-12-24,7535.716796875,131.6722869873047,0.002114000031724572,0.03505000099539757
2019-12-25,7357.02001953125,129.06849670410156,0.0020979999098926783,0.03440900146961212
2019-12-26,7388.302734375,130.89834594726562,0.0020979999098926783,0.0347680002450943
2019-12-27,7363.529296875,128.09756469726562,0.0020749999675899744,0.03442699834704399
2019-12-28,7399.041015625,130.25816345214844,0.002090000081807375,0.03421099856495857
2019-12-29,7513.9482421875,136.8112030029297,0.002114000031724572,0.034690000116825104
2019-12-30,7454.82421875,136.75735473632812,0.002076999982818961,0.034595001488924026
2019-12-31,7335.2900390625,133.73268127441406,0.002056000055745244,0.0338979996740818
2020-01-01,7254.33056640625,132.83535766601562,0.0020520000252872705,0.0338129997253418
2020-01-02,7212.1552734375,130.82003784179688,0.0021100000012665987,0.03350700065493584
2020-01-03,7413.71533203125,134.55401611328125,0.002177000045776367,0.03442699834704399
2020-01-04,7427.3857421875,136.05271911621094,0.0024900001008063555,0.03468500077724457
2020-01-05,7544.4970703125,139.4102020263672,0.002491000108420849,0.03535600006580353
2020-01-06,7781.8671875,144.32818603515625,0.002563999965786934,0.03729899972677231
2020-01-07,8178.2158203125,145.00177001953125,0.0024969999212771654,0.03780699893832207
2020-01-08,8396.73828125,146.8280029296875,0.0024649999104440212,0.03855099901556969
2020-01-09,8082.2958984375,141.39398193359375,0.0023139999248087406,0.036444999277591705
2020-01-10,8166.55419921875,144.16732788085938,0.0023610000498592854,0.036979999393224716
2020-01-11,8218.359375,146.4809112548828,0.002372999908402562,0.0375789999961853
2020-01-12,8200.0634765625,146.14585876464844,0.0024129999801516533,0.037748001515865326
2020-01-13,8197.7880859375,146.79122924804688,0.002406999934464693,0.0379440002143383
2020-01-14,8879.51171875,167.68154907226562,0.0025140000507235527,0.042219001799821854
2020-01-15,8890.1171875,170.42567443847656,0.00254100002348423,0.04295799881219864
2020-01-16,8846.4609375,167.0581512451172,0.0024240000639110804,0.043090999126434326
2020-01-17,8958.1220703125,173.0692138671875,0.0025160000659525394,0.0456789992749691
2020-01-18,9012.1982421875,178.52877807617188,0.00253800000064075,0.04554399847984314
2020-01-19,9164.3623046875,177.2476348876953,0.002570000011473894,0.04576500132679939
2020-01-20,8745.5908203125,169.11488342285156,0.002423000056296587,0.04429600015282631
2020-01-21,8755.7060546875,169.9101104736328,0.0024029999040067196,0.04654800146818161
2020-01-22,8792.994140625,171.00869750976562,0.0023990001063793898,0.04633500054478645
2020-01-23,8687.7470703125,168.31224060058594,0.0023580000270158052,0.04581400007009506
2020-01-24,8514.6669921875,164.3094482421875,0.0022929999977350235,0.045242998749017715
2020-01-25,8458.453125,163.22723388671875,0.00227600010111928,0.04518499970436096
2020-01-26,8602.4013671875,168.22032165527344,0.0023070001043379307,0.04463300108909607
2020-01-27,8977.7265625,172.92291259765625,0.0024129999801516533,0.04879799857735634
2020-01-28,9358.58984375,176.3703155517578,0.0024500000290572643,0.05432799831032753
2020-01-29,9406.431640625,178.8429718017578,0.0024709999561309814,0.057301998138427734
2020-01-30,9553.1259765625,186.26048278808594,0.002445999998599291,0.05688000097870827
2020-01-31,9521.7060546875,185.4058380126953,0.0024580000899732113,0.0565669983625412
2020-02-01,9439.3232421875,183.84555053710938,0.0024309998843818903,0.05714799836277962
2020-02-02,9468.7978515625,193.0803985595703,0.0025059999898076057,0.05844999849796295
2020-02-03,9540.3720703125,193.4368896484375,0.002517000073567033,0.057711999863386154
2020-02-04,9331.265625,191.1114959716797,0.0025029999669641256,0.057663001120090485
2020-02-05,9701.2998046875,206.8040008544922,0.002630000002682209,0.05985099822282791
2020-02-06,9824.619140625,214.59771728515625,0.00267699989490211,0.06058000028133392
2020-02-07,9834.716796875,223.14093017578125,0.0027699999045580626,0.06227999925613403
2020-02-08,9876.7490234375,226.5880889892578,0.003208999987691641,0.061142999678850174
2020-02-09,10129.435546875,229.86424255371094,0.0035310001112520695,0.06221500039100647
2020-02-10,10165.765625,229.1846160888672,0.0033030000049620867,0.0619410015642643
2020-02-11,10210.052734375,236.54713439941406,0.0030849999748170376,0.06322800368070602
2020-02-12,10393.611328125,272.3988342285156,0.003172999946400523,0.0701730027794838
2020-02-13,10457.626953125,273.7410583496094,0.0032160000409930944,0.07207000255584717
2020-02-14,10321.99609375,285.0564270019531,0.0031469999812543392,0.07098899781703949
2020-02-15,10341.5556640625,287.1236877441406,0.00318100000731647,0.07113999873399734
2020-02-16,10053.96875,272.8824462890625,0.002964999992400408,0.06693100184202194
2020-02-17,9938.8154296875,266.8712463378906,0.0027719999197870493,0.06255999952554703
2020-02-18,10161.935546875,283.1961364746094,0.0028460000175982714,0.06303799897432327
2020-02-19,10191.67578125,283.5379333496094,0.002873999997973442,0.06286899745464325
2020-02-20,9643.216796875,263.6954040527344,0.0026730000972747803,0.05867600068449974
2020-02-21,9723.0146484375,267.0048522949219,0.0027030000928789377,0.0599140003323555
2020-02-22,9698.2314453125,266.38720703125,0.0026549999602138996,0.05902300029993057
2020-02-23,9937.404296875,273.754150390625,0.002681999932974577,0.06174299865961075
2020-02-24,9951.74609375,275.5395202636719,0.002686999971047044,0.06169800087809563
2020-02-25,9652.7373046875,265.4314880371094,0.0025909999385476112,0.05897599831223488
2020-02-26,9354.7783203125,249.6497039794922,0.0024870000779628754,0.05649000033736229
2020-02-27,8932.892578125,237.2289276123047,0.0024029999040067196,0.05191899836063385
2020-02-28,8890.4560546875,234.2089385986328,0.002372999908402562,0.05120600014925003
2020-02-29,8775.6318359375,232.25662231445312,0.002319999970495701,0.04987899959087372
2020-03-01,8726.796875,226.67788696289062,0.002297000028192997,0.04816700145602226
2020-03-02,8921.30859375,232.81158447265625,0.002369999885559082,0.049633998423814774
2020-03-03,8901.5986328125,232.3258056640625,0.002524999901652336,0.049368999898433685
2020-03-04,8843.3662109375,228.04042053222656,0.0025080000050365925,0.05026800185441971
2020-03-05,9142.0546875,234.3644561767578,0.0025309999473392963,0.052306998521089554
2020-03-06,9167.6953125,243.5549774169922,0.002517000073567033,0.051722001284360886
2020-03-07,9163.220703125,249.97848510742188,0.0025130000431090593,0.05169999971985817
2020-03-08,8914.34375,237.7806854248047,0.0024079999420791864,0.048927001655101776
2020-03-09,8177.79345703125,207.45140075683594,0.0022360000293701887,0.0439470000565052
2020-03-10,8136.9453125,205.71424865722656,0.002263000002130866,0.042955998331308365
2020-03-11,7950.814453125,202.9542999267578,0.0022279999684542418,0.04173000156879425
2020-03-12,7929.1162109375,195.14793395996094,0.0021879998967051506,0.03970099985599518
2020-03-13,5838.11474609375,137.42953491210938,0.0017989999614655972,0.029227999970316887
2020-03-14,5625.2265625,134.484375,0.0017839999636635184,0.02897600084543228
2020-03-15,5836.64501953125,132.2421417236328,0.0018189999973401427,0.02878900058567524
2020-03-16,5385.2294921875,124.9961166381836,0.001699000014923513,0.027110999450087547
2020-03-17,5371.3486328125,118.98828125,0.0016769999638199806,0.026210999116301537
2020-03-18,5331.833984375,116.02162170410156,0.0016120000509545207,0.025993000715970993
2020-03-19,6329.73583984375,140.52772521972656,0.0018439999548718333,0.03171499818563461
2020-03-20,6844.26171875,150.8538055419922,0.0019310000352561474,0.033702000975608826
2020-03-21,6378.13525390625,135.972412109375,0.001851000008173287,0.030271999537944794
2020-03-22,6359.697265625,136.15164184570312,0.0018680000212043524,0.0302559994161129
2020-03-23,6443.9345703125,134.91160583496094,0.001816999982111156,0.029082000255584717
2020-03-24,6789.02294921875,141.9485321044922,0.0019120000069960952,0.030251000076532364
2020-03-25,6892.51123046875,141.40379333496094,0.0018899999558925629,0.030440999194979668
2020-03-26,6735.4638671875,138.83056640625,0.0018720000516623259,0.03074200078845024
2020-03-27,6793.83642578125,139.90269470214844,0.0018680000212043524,0.031209999695420265
2020-03-28,6467.5009765625,134.03274536132812,0.0018080000299960375,0.029976999387145042
2020-03-29,6517.19580078125,133.91146850585938,0.0018680000212043524,0.03007199987769127
2020-03-29,6250.46728515625,131.17408752441406,0.0018050000071525574,0.02984900027513504
2020-03-30,6504.51513671875,134.27413940429688,0.001851000008173287,0.030635999515652657
2020-03-31,6612.57373046875,135.63455200195312,0.001867000013589859,0.030855000019073486
2020-04-01,7088.24755859375,146.78709411621094,0.0019399999873712659,0.03305700048804283
2020-04-02,7003.220703125,146.89987182617188,0.0019160000374540687,0.032715000212192535
2020-04-03,6878.95361328125,145.37730407714844,0.0019099999917671084,0.032558999955654144
2020-04-04,6883.4140625,146.12852478027344,0.001908999984152615,0.032561998814344406
2020-04-05,7271.78125,169.27264404296875,0.0019829999655485153,0.035617001354694366
2020-04-06,7427.939453125,175.20413208007812,0.00203000009059906,0.036869000643491745
2020-04-07,7356.2236328125,173.21026611328125,0.0020439999643713236,0.03659500181674957
2020-04-08,7341.4482421875,172.8977813720703,0.00203300011344254,0.03659699857234955
2020-04-09,7303.8154296875,170.94976806640625,0.0020230000372976065,0.03623899817466736
2020-04-10,6926.06982421875,161.16757202148438,0.0020039998926222324,0.034012001007795334
2020-04-11,7119.947265625,164.51695251464844,0.0020089999306946993,0.03466799855232239
2020-04-12,6965.61669921875,160.74969482421875,0.001990000018849969,0.033831000328063965
2020-04-13,6958.55712890625,160.94427490234375,0.001979999942705035,0.03368600085377693
2020-04-14,6928.66455078125,160.71112060546875,0.0019749999046325684,0.033695001155138016
2020-04-15,7134.45068359375,173.1572723388672,0.0020290000829845667,0.03461199998855591
2020-04-17,7269.95654296875,187.9404754638672,0.0020620001014322042,0.03682100027799606
2020-04-18,7280.52197265625,188.0989227294922,0.0020729999523609877,0.036837998777627945
2020-04-19,7240.29052734375,186.0835418701172,0.002065999899059534,0.03670499846339226
2020-04-20,6934.5517578125,175.178466796875,0.002032000105828047,0.034995000809431076
2020-04-21,7145.86572265625,183.75100708007812,0.00203300011344254,0.036733001470565796
2020-04-22,7491.78515625,189.0888671875,0.0021230001002550125,0.041847001761198044
2020-04-23,7574.19580078125,190.21038818359375,0.0021210000850260258,0.04384300112724304
2020-04-24,7641.36376953125,196.79237365722656,0.0021460000425577164,0.04366900026798248
2020-04-25,7700.59423828125,199.344970703125,0.002443999983370304,0.04622400179505348
2020-04-26,7795.60107421875,199.55279541015625,0.0024139999877661467,0.04767199978232384
2020-04-27,7814.52734375,198.7865447998047,0.0023719999007880688,0.04806499928236008
2020-04-28,8871.75390625,218.4546356201172,0.0025420000310987234,0.051996998488903046
2020-04-29,9440.650390625,227.52969360351562,0.0026889999862760305,0.05425700172781944
2020-04-30,9048.0234375,217.62802124023438,0.002558999927714467,0.051954999566078186
2020-05-01,9007.1875,215.8475341796875,0.0025530001148581505,0.05150999873876572
2020-05-02,9167.78125,219.2708740234375,0.002583000110462308,0.051690999418497086
2020-05-03,8956.90625,211.82838439941406,0.0025190000887960196,0.050227999687194824
2020-05-04,9062.4150390625,211.77862548828125,0.0025210001040250063,0.050501998513936996
2020-05-05,9411.4677734375,211.5346221923828,0.002583000110462308,0.051128000020980835
2020-05-06,9992.6640625,214.39247131347656,0.0026779999025166035,0.05148699879646301
2020-05-07,9996.7431640625,216.3276824951172,0.002672000089660287,0.05353900045156479
2020-05-08,9913.86328125,214.73912048339844,0.0026340000331401825,0.05302799865603447
2020-05-09,9595.5810546875,211.5522003173828,0.0026130001060664654,0.0517439991235733
2020-05-10,9033.470703125,191.36233520507812,0.002512000035494566,0.04944999888539314
2020-05-11,8949.8984375,191.60134887695312,0.0025130000431090593,0.050932999700307846
2020-05-12,9317.87890625,200.19732666015625,0.0025279999244958162,0.05204499885439873
2020-05-13,9793.2685546875,204.1175994873047,0.0026229999493807554,0.05188500136137009
2020-05-14,9755.828125,203.56639099121094,0.0025770000647753477,0.05176699906587601
2020-05-15,9564.205078125,202.7711944580078,0.0025339999701827765,0.051229000091552734
2020-05-16,9823.001953125,209.1609344482422,0.002578000072389841,0.0520780012011528
2020-05-17,9906.0302734375,215.90846252441406,0.0025869999080896378,0.0548270009458065
2020-05-18,9836.0478515625,214.6049346923828,0.0025649999734014273,0.05688700079917908
2020-05-19,9804.7939453125,214.71682739257812,0.0025629999581724405,0.057326000183820724
2020-05-20,9555.2421875,211.62518310546875,0.002549000084400177,0.057482000440359116
2020-05-21,9232.9365234375,208.59153747558594,0.0025430000387132168,0.056926000863313675
2020-05-22,9302.501953125,210.38645935058594,0.0025649999734014273,0.05643700063228607
2020-05-23,9288.404296875,210.59507751464844,0.002560999942943454,0.056049998849630356
2020-05-24,8951.005859375,206.3614501953125,0.002546000061556697,0.05434500053524971
2020-05-25,8991.9677734375,205.75254821777344,0.0025420000310987234,0.05415999889373779
2020-05-26,9203.3203125,208.86343383789062,0.0025289999321103096,0.05591399967670441
2020-05-27,9546.3193359375,220.27650451660156,0.002558999927714467,0.06717900186777115
2020-05-28,9573.6669921875,224.2168731689453,0.002549000084400177,0.06666599959135056
2020-05-29,9704.0302734375,243.94314575195312,0.0026259999722242355,0.07724999636411667
2020-05-30,9700.34375,244.04525756835938,0.002616999903693795,0.08602900058031082
2020-05-31,10199.5654296875,248.2362823486328,0.002662000013515353,0.08238500356674194
2020-06-01,10182.3408203125,252.2220001220703,0.0026549999602138996,0.0824500024318695
2020-06-02,9682.859375,244.1793212890625,0.002597999991849065,0.08566399663686752
2020-06-03,9887.6103515625,245.92897033691406,0.002669000066816807,0.09008900076150894
2020-06-04,9869.2373046875,247.32949829101562,0.0026340000331401825,0.08916299790143967
2020-06-05,9773.431640625,245.98104858398438,0.002606000052765012,0.08717299997806549
2020-06-06,9768.498046875,245.4352569580078,0.002609000075608492,0.08860400319099426
2020-06-07,9782.306640625,246.64419555664062,0.002607000060379505,0.08701299875974655
2020-06-08,9836.369140625,248.34243774414062,0.0025869999080896378,0.08652999997138977
2020-06-09,9908.896484375,248.65115356445312,0.0025949999690055847,0.08377599716186523
2020-06-10,9938.2978515625,249.8883056640625,0.0026020000223070383,0.08514700084924698
2020-06-11,9540.4658203125,239.3546905517578,0.002532999962568283,0.08066800236701965
2020-06-12,9493.2119140625,239.19309997558594,0.00254100002348423,0.07965700328350067
2020-06-13,9482.2705078125,239.10145568847656,0.002553999889642,0.0791729986667633
2020-06-14,9504.8603515625,234.2378387451172,0.0025160000659525394,0.07986000180244446
2020-06-15,9579.4306640625,236.39430236816406,0.002529999939724803,0.0797170028090477
2020-06-16,9540.4228515625,235.9540557861328,0.002492000116035342,0.08366099745035172
2020-06-17,9482.7822265625,234.57064819335938,0.002492999890819192,0.08445499837398529
2020-06-18,9440.8759765625,232.15411376953125,0.002471999963745475,0.08213900029659271
2020-06-19,9394.9716796875,231.4490203857422,0.0024659999180585146,0.08044300228357315
2020-06-20,9401.107421875,232.35894775390625,0.002478000009432435,0.08093199878931046
2020-06-21,9655.0732421875,243.77601623535156,0.0024949999060481787,0.08360999822616577
2020-06-22,9670.541015625,244.86441040039062,0.002492000116035342,0.08401799947023392
2020-06-23,9680.3671875,248.50802612304688,0.0024969999212771654,0.08701100200414658
2020-06-24,9340.1611328125,236.05340576171875,0.002432999899610877,0.08348699659109116
2020-06-25,9310.5166015625,233.9019317626953,0.0024270000867545605,0.08200699836015701
2020-06-26,9207.810546875,232.49342346191406,0.0023789999540895224,0.0812389999628067
2020-06-27,9197.546875,228.59828186035156,0.0023610000498592854,0.08141300082206726
2020-06-28,9237.5732421875,229.90321350097656,0.002340999897569418,0.08433599770069122
2020-06-29,9217.8359375,229.476806640625,0.0023399998899549246,0.08497899770736694
2020-06-30,9309.7548828125,232.75611877441406,0.0023759999312460423,0.09608499705791473
