Date,Bitcoin Close Price,Etheremum Close Price,Dogecoin Close Price,Tether Close Price,Cardano Close Price
2018-05-31,7541.4501953125,580.0430297851562,0.0034229999873787165,1.0009900331497192,0.22250699996948242
2018-06-01,7643.4501953125,591.8079833984375,0.003558000084012747,0.9935299754142761,0.227742001414299
2018-06-02,7720.25,618.3289794921875,0.0036899999249726534,1.000100016593933,0.2281540036201477
2018-06-03,7514.47021484375,592.9849853515625,0.003531999886035919,1.0005199909210205,0.2140119969844818
2018-06-04,7633.759765625,609.302978515625,0.0036539998836815357,1.0010199546813965,0.2204670011997223
2018-06-05,7653.97998046875,607.1240234375,0.0037869999650865793,1.00068998336792,0.215720996260643
2018-06-06,7678.240234375,605.18701171875,0.0037320000119507313,0.9987499713897705,0.21111899614334106
2018-06-07,7624.919921875,601.0770263671875,0.0036589999217540026,1.0017900466918945,0.20535799860954285
2018-06-08,7531.97998046875,597.56201171875,0.0035929998848587275,1.0060800313949585,0.20209099352359772
2018-06-09,6786.02001953125,526.47900390625,0.0031820000149309635,0.9982150197029114,0.1768680065870285
2018-06-10,6906.919921875,533.2839965820312,0.0032339999452233315,1.0019299983978271,0.1812800019979477
2018-06-11,6582.35986328125,496.8429870605469,0.003089000005275011,1.0007699728012085,0.16658499836921692
2018-06-12,6349.89990234375,477.4939880371094,0.0028170000296086073,1.0035300254821777,0.16040800511837006
2018-06-13,6675.35009765625,519.7420043945312,0.0029440000653266907,1.0039499998092651,0.17237499356269836
2018-06-14,6456.580078125,491.0039978027344,0.0029009999707341194,1.0069500207901,0.16274699568748474
2018-06-15,6550.16015625,499.6419982910156,0.002894999925047159,1.0042400360107422,0.16296200454235077
2018-06-16,6499.27001953125,500.447998046875,0.0028729999903589487,1.0054800510406494,0.16137999296188354
2018-06-17,6734.81982421875,518.8909912109375,0.0030269999988377094,1.0028300285339355,0.1641169935464859
2018-06-18,6769.93994140625,537.9569702148438,0.0030330000445246696,1.0002199411392212,0.1671849936246872
2018-06-19,6776.5498046875,536.2680053710938,0.003020999953150749,0.9988290071487427,0.16198499500751495
2018-06-20,6729.740234375,527.3670043945312,0.0029879999347031116,1.0005300045013428,0.1585559993982315
2018-06-21,6083.68994140625,465.8169860839844,0.0026680000592023134,1.003000020980835,0.13983899354934692
2018-06-22,6162.47998046875,474.5199890136719,0.002641000086441636,1.001979947090149,0.1378680020570755
2018-06-23,6173.22998046875,457.6719970703125,0.0025100000202655792,1.0051000118255615,0.1327030062675476
2018-06-24,6249.18017578125,460.30999755859375,0.0024850000627338886,1.0006200075149536,0.13526900112628937
2018-06-25,6093.669921875,432.7720031738281,0.002478000009432435,1.0005600452423096,0.12609900534152985
2018-06-26,6157.1298828125,442.364990234375,0.0024369999300688505,0.9979349970817566,0.12744399905204773
2018-06-27,5903.43994140625,422.364990234375,0.002357000019401312,0.9971929788589478,0.11931999772787094
2018-06-28,6218.2998046875,436.0090026855469,0.0024270000867545605,1.0033299922943115,0.12571999430656433
2018-06-29,6404.0,455.17999267578125,0.002498999936506152,0.9991919994354248,0.13767099380493164
2018-06-30,6385.81982421875,453.9179992675781,0.002489000093191862,0.9988210201263428,0.14220799505710602
2018-07-01,6614.18017578125,475.34698486328125,0.0027030000928789377,0.9988589882850647,0.15827800333499908
2018-07-02,6529.58984375,464.19500732421875,0.002638000063598156,1.0003199577331543,0.15065500140190125
2018-07-03,6597.5498046875,467.3179931640625,0.00267999991774559,0.9991949796676636,0.15095999836921692
2018-07-04,6639.14013671875,474.4119873046875,0.002598999999463558,1.0061399936676025,0.14892099797725677
2018-07-05,6673.5,474.0119934082031,0.0025969999842345715,1.003159999847412,0.1460839956998825
2018-07-06,6856.93017578125,491.6600036621094,0.002644999884068966,1.0062099695205688,0.15037299692630768
2018-07-07,6773.8798828125,489.1189880371094,0.0026110000908374786,1.0042500495910645,0.14538900554180145
2018-07-08,6741.75,476.6820068359375,0.0026030000299215317,1.0075000524520874,0.13997100293636322
2018-07-09,6329.9501953125,434.42401123046875,0.0024109999649226665,1.0011999607086182,0.12879200279712677
2018-07-10,6394.7099609375,446.51800537109375,0.0024250000715255737,1.0011600255966187,0.13148300349712372
2018-07-11,6228.81005859375,430.0740051269531,0.0023060000967234373,0.9990699887275696,0.12718099355697632
2018-07-12,6238.0498046875,434.0270080566406,0.0023320000618696213,1.001420021057129,0.13788700103759766
2018-07-13,6276.1201171875,436.08599853515625,0.0023620000574737787,1.0026500225067139,0.1370919942855835
2018-07-14,6359.64013671875,449.8500061035156,0.0023799999617040157,0.9983519911766052,0.14226199686527252
2018-07-15,6741.75,480.6579895019531,0.0028540000785142183,0.9991390109062195,0.1561180055141449
2018-07-16,7321.0400390625,501.00201416015625,0.0032279998995363712,1.0001300573349,0.170864999294281
2018-07-17,7370.77978515625,480.51300048828125,0.0037120000924915075,1.002210021018982,0.17937800288200378
2018-07-18,7466.85986328125,469.6189880371094,0.003843999933451414,0.998088002204895,0.180868998169899
2018-07-19,7354.1298828125,450.697998046875,0.0034099998883903027,1.0010299682617188,0.1621749997138977
2018-07-20,7419.2900390625,462.4360046386719,0.003269999986514449,1.000040054321289,0.16363699734210968
2018-07-21,7418.490234375,459.6570129394531,0.0034580000210553408,0.9998430013656616,0.17027699947357178
2018-07-22,7711.10986328125,450.8529968261719,0.0034310000482946634,0.9974960088729858,0.16402800381183624
2018-07-23,8424.26953125,479.37298583984375,0.0036200000904500484,0.9965050220489502,0.1731719970703125
2018-07-24,8181.39013671875,472.4930114746094,0.0035429999697953463,0.998790979385376,0.17273099720478058
2018-07-25,7951.580078125,464.0369873046875,0.003392999991774559,0.9979509711265564,0.16476500034332275
2018-07-26,8165.009765625,469.6659851074219,0.0034179999493062496,0.9971179962158203,0.16553999483585358
2018-07-27,8192.150390625,466.89801025390625,0.0034000000450760126,0.9978870153427124,0.1633799970149994
2018-07-28,8218.4599609375,466.6650085449219,0.00330700003542006,0.9989190101623535,0.16331300139427185
2018-07-29,8180.47998046875,457.08099365234375,0.0032730000093579292,0.9989100098609924,0.15408700704574585
2018-07-30,7780.43994140625,433.86700439453125,0.002945000072941184,0.9995070099830627,0.1432970017194748
2018-07-31,7624.91015625,420.74700927734375,0.003160000080242753,0.999409019947052,0.14090099930763245
2018-08-01,7567.14990234375,412.6210021972656,0.0029460000805556774,1.0006599426269531,0.13194100558757782
2018-08-02,7434.39013671875,418.2619934082031,0.0029180001001805067,0.9990950226783752,0.13025499880313873
2018-08-03,7032.85009765625,407.25201416015625,0.002744999947026372,0.9985049962997437,0.1275469958782196
2018-08-04,7068.47998046875,410.5159912109375,0.002836999949067831,0.9993469715118408,0.13172100484371185
2018-08-05,6951.7998046875,406.6579895019531,0.002778999973088503,1.0009499788284302,0.1305530071258545
2018-08-06,6753.1201171875,380.2149963378906,0.0026710000820457935,1.001539945602417,0.12537799775600433
2018-08-07,6305.7998046875,356.6130065917969,0.00241499999538064,1.0016900300979614,0.11375200003385544
2018-08-08,6568.22998046875,365.5880126953125,0.0025549998972564936,1.0042400360107422,0.12350700050592422
2018-08-09,6184.7099609375,334.1759948730469,0.002392000053077936,1.001579999923706,0.11635500192642212
2018-08-10,6295.72998046875,322.11199951171875,0.002403999911621213,1.009850025177002,0.11243899911642075
2018-08-11,6322.68994140625,319.57000732421875,0.002403999911621213,1.0004899501800537,0.11297000199556351
2018-08-12,6297.56982421875,286.4949951171875,0.002331000054255128,1.0039299726486206,0.10290999710559845
2018-08-13,6199.7099609375,278.9320068359375,0.002259999979287386,0.9975429773330688,0.09466200321912766
2018-08-14,6308.52001953125,282.364013671875,0.002303000073879957,1.0012500286102295,0.09504000097513199
2018-08-15,6334.72998046875,288.0459899902344,0.00229199999012053,1.0012199878692627,0.09533099830150604
2018-08-16,6580.6298828125,315.72900390625,0.002455000067129731,0.9977610111236572,0.10988699644804001
2018-08-17,6423.759765625,295.81201171875,0.002394000068306923,1.0028599500656128,0.09978500008583069
2018-08-18,6506.06982421875,300.8340148925781,0.002472999971359968,1.0005199909210205,0.10243699699640274
2018-08-19,6308.52978515625,274.31500244140625,0.0023690001107752323,1.0053900480270386,0.09376399964094162
2018-08-20,6488.759765625,281.9440002441406,0.0024240000639110804,1.0006999969482422,0.09500300139188766
2018-08-21,6376.7099609375,271.34100341796875,0.002314999932423234,1.000349998474121,0.09014900028705597
2018-08-22,6534.8798828125,277.10400390625,0.0023849999997764826,0.9989759922027588,0.0924530029296875
2018-08-23,6719.9599609375,282.9670104980469,0.002426000079140067,1.0017800331115723,0.09407699853181839
2018-08-24,6763.18994140625,279.64599609375,0.002369999885559082,1.0010000467300415,0.09428200125694275
2018-08-25,6707.259765625,275.1969909667969,0.002403999911621213,0.999226987361908,0.0933379977941513
2018-08-26,6884.64013671875,285.6029968261719,0.002461999887600541,0.9978020191192627,0.10026399791240692
2018-08-27,7096.27978515625,296.4989929199219,0.002607000060379505,0.9993950128555298,0.10548000037670135
2018-08-28,7047.16015625,289.31201171875,0.002606000052765012,1.0006599426269531,0.1054690033197403
2018-08-29,6978.22998046875,284.1050109863281,0.0032059999648481607,1.0000300407409668,0.10056000202894211
2018-08-30,7037.580078125,283.0039978027344,0.004794000182300806,1.0035099983215332,0.10219600051641464
2018-08-31,7193.25,295.34100341796875,0.0062779998406767845,0.9968129992485046,0.10682699829339981
2018-09-01,7272.72021484375,294.3710021972656,0.004999000113457441,0.9978389739990234,0.10443200170993805
2018-09-02,7260.06005859375,289.2590026855469,0.005266000051051378,0.9986420273780823,0.10360699892044067
2018-09-03,7361.66015625,285.7229919433594,0.005268999841064215,0.999517023563385,0.10526499897241592
2018-09-04,6792.830078125,232.33099365234375,0.0049310000613331795,1.007949948310852,0.08756899833679199
2018-09-05,6529.169921875,230.21499633789062,0.005009999964386225,1.0009100437164307,0.08866599947214127
2018-09-06,6467.06982421875,217.2030029296875,0.005307000130414963,1.0063600540161133,0.08398299664258957
2018-09-07,6225.97998046875,197.9510040283203,0.005692000035196543,1.0042799711227417,0.07823500037193298
2018-09-08,6300.85986328125,196.9239959716797,0.005828999914228916,1.0049799680709839,0.07664299756288528
2018-09-09,6329.7001953125,197.07899475097656,0.006891999859362841,1.0012799501419067,0.07350800186395645
2018-09-10,6321.2001953125,185.0659942626953,0.006328999996185303,1.004539966583252,0.07051300257444382
2018-09-11,6351.7998046875,183.33099365234375,0.006455000024288893,1.0012500286102295,0.06674499809741974
2018-09-12,6517.31005859375,211.35400390625,0.006554000079631805,1.006350040435791,0.06982900202274323
2018-09-13,6512.7099609375,211.74899291992188,0.006180000025779009,1.0023599863052368,0.06824800372123718
2018-09-14,6543.2001953125,223.07400512695312,0.006165000144392252,1.0008599758148193,0.06932199746370316
2018-09-15,6517.18017578125,220.58900451660156,0.0065310001373291016,1.0009599924087524,0.0699630007147789
2018-09-16,6281.2001953125,197.875,0.00624299980700016,1.0041099786758423,0.06389900296926498
2018-09-17,6371.2998046875,209.97500610351562,0.005981000140309334,1.0022499561309814,0.06943000108003616
2018-09-18,6398.5400390625,209.968994140625,0.005609000101685524,1.00068998336792,0.07235000282526016
2018-09-19,6519.669921875,224.59100341796875,0.005694999825209379,1.001539945602417,0.08149299770593643
2018-09-20,6734.9501953125,246.58399963378906,0.005683999974280596,0.9944279789924622,0.08760599792003632
2018-09-21,6721.97998046875,240.47999572753906,0.005758000072091818,1.000920057296753,0.08319299668073654
2018-09-22,6710.6298828125,244.3300018310547,0.0059009999968111515,0.9995120167732239,0.08975400030612946
2018-09-23,6595.41015625,228.72999572753906,0.005677000153809786,1.0006300210952759,0.08275400102138519
2018-09-24,6446.47021484375,218.5050048828125,0.0056859999895095825,1.000440001487732,0.08102799952030182
2018-09-25,6495.0,215.8470001220703,0.005694999825209379,1.0021300315856934,0.079475998878479
2018-09-26,6676.75,228.49400329589844,0.005878999829292297,0.9971070289611816,0.08600100129842758
2018-09-27,6644.1298828125,222.40199279785156,0.005830999929457903,1.001420021057129,0.08403199911117554
2018-09-28,6601.9599609375,231.63499450683594,0.0058650001883506775,0.9996020197868347,0.08460599929094315
2018-09-29,6625.56005859375,232.84800720214844,0.005905999802052975,1.0003600120544434,0.08519499748945236
2018-09-30,6589.6201171875,230.76800537109375,0.005942000076174736,0.9979249835014343,0.08446899801492691
2018-10-01,6556.10009765625,227.18099975585938,0.005824000108987093,0.9997410178184509,0.08252499997615814
2018-10-02,6502.58984375,220.48899841308594,0.005704000126570463,0.9985690116882324,0.0807889997959137
2018-10-03,6576.68994140625,222.21800231933594,0.005644999910145998,0.9961850047111511,0.08130399882793427
2018-10-04,6622.47998046875,227.6009979248047,0.005669000092893839,0.9957780241966248,0.08299099653959274
2018-10-05,6588.31005859375,225.1199951171875,0.005545000080019236,0.997177004814148,0.08130300045013428
2018-10-06,6602.9501953125,226.11900329589844,0.005561999976634979,0.9966170191764832,0.08465799689292908
2018-10-07,6652.22998046875,229.2550048828125,0.005578000098466873,0.9958140254020691,0.08660700172185898
2018-10-08,6642.64013671875,227.98199462890625,0.005634999834001064,0.9967790246009827,0.0863569974899292
2018-10-09,6585.52978515625,225.7689971923828,0.0055519999004900455,0.9935020208358765,0.0846790000796318
2018-10-10,6256.240234375,189.49899291992188,0.004999999888241291,0.9930260181427002,0.07093899697065353
2018-10-11,6274.580078125,196.7270050048828,0.005247000139206648,0.9941020011901855,0.07321400195360184
2018-10-12,6285.990234375,199.84100341796875,0.0051819998770952225,0.9880459904670715,0.07310300320386887
2018-10-13,6290.93017578125,195.71499633789062,0.005158000160008669,0.9895700216293335,0.07129299640655518
2018-10-14,6596.5400390625,209.70399475097656,0.005218000151216984,0.9801380038261414,0.07478900253772736
2018-10-15,6596.10986328125,210.1199951171875,0.005016999784857035,0.9751520156860352,0.07581400126218796
2018-10-16,6544.43017578125,207.08299255371094,0.004598999861627817,0.9712250232696533,0.07740800082683563
2018-10-17,6476.7099609375,203.3520050048828,0.004385999869555235,0.9808580279350281,0.07513099908828735
2018-10-18,6465.41015625,203.7270050048828,0.004470000043511391,0.987712025642395,0.07583600282669067
2018-10-19,6489.18994140625,205.42999267578125,0.004550999961793423,0.983830988407135,0.07634200155735016
2018-10-20,6482.35009765625,205.14199829101562,0.004517000168561935,0.9835479855537415,0.075873002409935
2018-10-21,6487.16015625,204.04400634765625,0.004366000182926655,0.9839980006217957,0.07577600330114365
2018-10-22,6475.740234375,204.33599853515625,0.004172000102698803,0.987962007522583,0.07474300265312195
2018-10-23,6495.83984375,203.8520050048828,0.003911000210791826,0.9886119961738586,0.07432100176811218
2018-10-24,6476.2900390625,202.718994140625,0.0037169998977333307,0.9887909889221191,0.07385899871587753
2018-10-25,6474.75,203.32899475097656,0.003984000068157911,0.9897890090942383,0.07371299713850021
2018-10-26,6480.3798828125,204.2100067138672,0.004195000045001507,0.9930970072746277,0.07288599759340286
2018-10-27,6486.39013671875,205.36599731445312,0.004062999971210957,0.9984530210494995,0.07316599786281586
2018-10-29,6332.6298828125,197.2469940185547,0.0038469999562948942,0.9968590140342712,0.06962700188159943
2018-10-30,6334.27001953125,197.55599975585938,0.0038499999791383743,0.9966710209846497,0.06964699923992157
2018-10-31,6317.60986328125,197.38099670410156,0.0037640000227838755,0.9881219863891602,0.06970500200986862
2018-11-01,6377.77978515625,198.8719940185547,0.0037769998889416456,0.9917200207710266,0.07086700201034546
2018-11-02,6388.43994140625,200.63499450683594,0.003773000091314316,0.9935010075569153,0.07258400321006775
2018-11-03,6361.259765625,200.18600463867188,0.0037330000195652246,0.9994329810142517,0.07147900015115738
2018-11-04,6376.1298828125,207.48599243164062,0.00367600005120039,0.9887080192565918,0.07622899860143661
2018-11-05,6419.66015625,209.09100341796875,0.003622000105679035,0.9931759834289551,0.07614800333976746
2018-11-06,6461.009765625,218.45199584960938,0.0036959999706596136,0.992796003818512,0.0809520035982132
2018-11-07,6530.14013671875,217.18299865722656,0.003636999987065792,0.9932699799537659,0.0785439983010292
2018-11-08,6453.72021484375,212.2310028076172,0.0033839999232441187,0.994333028793335,0.07649300247430801
2018-11-09,6385.6201171875,210.07400512695312,0.0031399999279528856,0.9948319792747498,0.0742259994149208
2018-11-10,6409.22021484375,212.5330047607422,0.0032850001007318497,0.9971799850463867,0.0752210021018982
2018-11-11,6411.27001953125,211.33999633789062,0.0031620000954717398,0.9904620051383972,0.07648099958896637
2018-11-12,6371.27001953125,210.41799926757812,0.0030640000477433205,0.9891480207443237,0.07600100338459015
2018-11-13,6359.490234375,206.8260040283203,0.002945000072941184,0.9851179718971252,0.07360299676656723
2018-11-14,5738.35009765625,181.39700317382812,0.0026950000319629908,0.9666439890861511,0.06482400000095367
2018-11-15,5648.02978515625,180.80599975585938,0.00279999990016222,0.9820219874382019,0.06354299932718277
2018-11-16,5575.5498046875,175.177001953125,0.0027459999546408653,0.9870269894599915,0.06115100160241127
2018-11-17,5554.330078125,174.00100708007812,0.0025949999690055847,0.9858689904212952,0.060674998909235
2018-11-18,5623.5400390625,177.06700134277344,0.002643000101670623,0.9925330281257629,0.06191600114107132
2018-11-19,4871.490234375,149.1750030517578,0.00241800001822412,0.982729971408844,0.05258199945092201
2018-11-20,4451.8701171875,130.33900451660156,0.0022539999336004257,0.9687989950180054,0.044776998460292816
2018-11-21,4602.169921875,136.7010040283203,0.0024480000138282776,0.9875040054321289,0.04777999967336655
2018-11-22,4365.93994140625,126.70600128173828,0.00241199997253716,0.9981880187988281,0.04425499960780144
2018-11-23,4347.10986328125,123.2959976196289,0.0023610000498592854,0.9825699925422668,0.04341199994087219
2018-11-24,3880.760009765625,113.49400329589844,0.0022239999379962683,0.9802240133285522,0.038458000868558884
2018-11-25,4009.969970703125,116.44999694824219,0.002219999907538295,0.9809690117835999,0.03772500157356262
2018-11-26,3779.1298828125,108.33499908447266,0.0020989999175071716,0.9772430062294006,0.03580600023269653
2018-11-27,3820.719970703125,110.01000213623047,0.002087000058963895,0.9842600226402283,0.0364609993994236
2018-11-28,4257.419921875,122.43800354003906,0.0022460001055151224,0.9986220002174377,0.042020998895168304
2018-11-29,4278.8466796875,117.54264831542969,0.0022410000674426556,0.9973769783973694,0.0418660007417202
2018-11-30,4017.2685546875,113.17141723632812,0.0021649999544024467,0.9918230175971985,0.03891599923372269
2018-12-01,4214.671875,118.63555908203125,0.0022499999031424522,1.0010520219802856,0.041467998176813126
2018-12-02,4139.8779296875,116.38890075683594,0.0022460001055151224,0.9983720183372498,0.0416719987988472
2018-12-03,3894.130859375,108.92501831054688,0.0023709998931735754,0.9965940117835999,0.03867100179195404
2018-12-04,3956.893798828125,110.21418762207031,0.0021959999576210976,1.0000309944152832,0.03769899904727936
2018-12-05,3753.994873046875,102.47555541992188,0.0021800000686198473,0.9929659962654114,0.034251000732183456
2018-12-06,3521.101806640625,91.76105499267578,0.002096999902278185,0.9982960224151611,0.03079799935221672
2018-12-07,3419.937255859375,93.29456329345703,0.0021039999555796385,1.0014309883117676,0.029864000156521797
2018-12-08,3476.11474609375,92.15963745117188,0.0021200000774115324,1.019974946975708,0.030678000301122665
2018-12-09,3614.234375,95.14205932617188,0.0021019999403506517,1.0155019760131836,0.031693000346422195
2018-12-10,3502.656005859375,91.68565368652344,0.002099999925121665,1.016603946685791,0.030202999711036682
2018-12-11,3424.588134765625,88.94530487060547,0.002088000066578388,1.009793996810913,0.029550999402999878
2018-12-12,3486.9501953125,90.59329986572266,0.002111000008881092,1.0097559690475464,0.030609000474214554
2018-12-13,3313.67724609375,86.53931427001953,0.0020649998914450407,1.0033780336380005,0.029190000146627426
2018-12-14,3242.48486328125,84.30829620361328,0.0020699999295175076,1.002197027206421,0.02835799939930439
2018-12-15,3236.76171875,84.44081115722656,0.002113000024110079,1.0049890279769897,0.02827399969100952
2018-12-16,3252.839111328125,85.26210021972656,0.0021250001154839993,1.006335973739624,0.029102999716997147
2018-12-17,3545.86474609375,95.13382720947266,0.002532999962568283,1.0099409818649292,0.03282399848103523
2018-12-18,3696.05908203125,101.11245727539062,0.0026839999482035637,1.012868046760559,0.034735001623630524
2018-12-19,3745.95068359375,101.2685775756836,0.0027199999894946814,1.0223619937896729,0.03454500064253807
2018-12-20,4134.44140625,116.21687316894531,0.0027310000732541084,1.0194170475006104,0.03940099850296974
2018-12-21,3896.543701171875,109.49623107910156,0.0025450000539422035,1.0155060291290283,0.04079600051045418
2018-12-22,4014.1826171875,116.7594985961914,0.0025019999593496323,1.0208059549331665,0.04200899973511696
2018-12-23,3998.980224609375,130.7652587890625,0.0025420000310987234,1.0159549713134766,0.04422999918460846
2018-12-24,4078.59912109375,140.23800659179688,0.0025400000158697367,1.0157769918441772,0.045715998858213425
2018-12-25,3815.49072265625,129.84434509277344,0.002403999911621213,1.0190500020980835,0.04151099920272827
2018-12-26,3857.297607421875,131.86563110351562,0.0024739999789744616,1.0195499658584595,0.0411980003118515
2018-12-27,3654.83349609375,116.57591247558594,0.0023640000727027655,1.0241739749908447,0.03694399818778038
2018-12-28,3923.918701171875,137.6470184326172,0.0024339999072253704,1.0231599807739258,0.04186199977993965
2018-12-29,3820.40869140625,138.01834106445312,0.0024029999040067196,1.0314730405807495,0.04150800034403801
2018-12-30,3865.95263671875,139.8594512939453,0.0023670000955462456,1.0190860033035278,0.04328000172972679
2018-12-31,3742.700439453125,133.36825561523438,0.002345999935641885,1.0137219429016113,0.04106299951672554
2019-01-01,3843.52001953125,140.8194122314453,0.002392000053077936,1.018334984779358,0.04254699870944023
2019-01-02,3943.409423828125,155.0476837158203,0.002406999934464693,1.0240119695663452,0.04525800049304962
2019-01-03,3836.7412109375,149.135009765625,0.002360000042244792,1.0194729566574097,0.04268199950456619
2019-01-04,3857.717529296875,154.58193969726562,0.002314999932423234,1.017199993133545,0.04381199926137924
2019-01-05,3845.194580078125,155.6385955810547,0.0023189999628812075,1.0184890031814575,0.044700998812913895
2019-01-06,4076.632568359375,157.74620056152344,0.002328000031411648,1.0235780477523804,0.049261000007390976
2019-01-07,4025.248291015625,151.69921875,0.0022849999368190765,1.0139869451522827,0.047995999455451965
2019-01-08,4030.847900390625,150.35963439941406,0.00227600010111928,1.0193500518798828,0.04852500185370445
2019-01-09,4035.29638671875,150.80311584472656,0.002266000024974346,1.0168299674987793,0.05216899886727333
2019-01-10,3678.924560546875,128.62518310546875,0.002131999935954809,1.023460030555725,0.04452899843454361
2019-01-11,3687.365478515625,127.54832458496094,0.002128999913111329,1.0233160257339478,0.04414699971675873
2019-01-12,3661.301025390625,125.9665298461914,0.002148000057786703,1.0208810567855835,0.04370399937033653
2019-01-13,3552.953125,116.8978042602539,0.0020940001122653484,1.0200910568237305,0.040240999311208725
2019-01-14,3706.05224609375,129.0687255859375,0.0021830000914633274,1.0208560228347778,0.04405900090932846
2019-01-15,3630.67529296875,122.03271484375,0.002111000008881092,1.0205579996109009,0.042810000479221344
2019-01-16,3655.0068359375,123.54706573486328,0.0021379999816417694,1.018522024154663,0.044776998460292816
2019-01-17,3678.56396484375,123.7419204711914,0.0020940001122653484,1.017495036125183,0.04531800001859665
2019-01-18,3657.83935546875,121.01026153564453,0.0021059999708086252,1.0172510147094727,0.04431600123643875
2019-01-19,3728.568359375,124.5190200805664,0.00215300009585917,1.0167820453643799,0.04574999958276749
2019-01-20,3601.013671875,119.4748306274414,0.002119000069797039,1.0171459913253784,0.043476998805999756
2019-01-21,3576.032470703125,117.15785217285156,0.0021009999327361584,1.013375997543335,0.04293699935078621
2019-01-22,3604.5771484375,118.74755096435547,0.0020570000633597374,1.0090359449386597,0.043577998876571655
2019-01-23,3585.123046875,117.45260620117188,0.00204299995675683,1.0082969665527344,0.042899999767541885
2019-01-24,3600.865478515625,117.36288452148438,0.0020389999262988567,1.0085400342941284,0.04302699863910675
2019-01-25,3599.765869140625,116.37834167480469,0.0021180000621825457,1.0105220079421997,0.04269099980592728
2019-01-26,3602.46044921875,116.48873901367188,0.0020830000285059214,1.0092639923095703,0.04264900088310242
2019-01-27,3583.9658203125,113.40528869628906,0.00202700006775558,1.0087169408798218,0.04116800054907799
2019-01-28,3470.450439453125,106.58997344970703,0.0019440000178292394,1.008829951286316,0.03877200186252594
2019-01-29,3448.116943359375,105.59821319580078,0.001927000004798174,1.0094380378723145,0.03825100138783455
2019-01-30,3486.181640625,108.90753936767578,0.001961000030860305,1.0071879625320435,0.03965599834918976
2019-01-31,3457.792724609375,107.0610122680664,0.0019249999895691872,1.0064899921417236,0.038373999297618866
2019-02-01,3487.9453125,107.60978698730469,0.0019160000374540687,1.0063090324401855,0.03867800161242485
2019-02-02,3521.060791015625,110.43025970458984,0.0019359999569132924,1.0026999711990356,0.03931700065732002
2019-02-03,3464.013427734375,107.49266815185547,0.0019039999460801482,1.000046968460083,0.03802900016307831
2019-02-04,3459.154052734375,107.82160186767578,0.001896000001579523,0.9998260140419006,0.03785699978470802
2019-02-05,3466.357421875,107.44351959228516,0.001888000057078898,0.9995319843292236,0.03789599984884262
2019-02-06,3413.767822265625,104.9192886352539,0.0018660000059753656,1.0010030269622803,0.0366629995405674
2019-02-07,3399.4716796875,104.5353012084961,0.0018449999624863267,1.0010780096054077,0.036396000534296036
2019-02-08,3666.7802734375,119.26774597167969,0.001955999992787838,1.0019429922103882,0.04075099900364876
2019-02-09,3671.20361328125,119.4308853149414,0.0019490000559017062,1.0002950429916382,0.041058000177145004
2019-02-10,3690.188232421875,124.80648803710938,0.0019460000330582261,1.0042170286178589,0.042830001562833786
2019-02-11,3648.4306640625,121.29839324951172,0.001905999961309135,1.0031650066375732,0.04173300042748451
2019-02-12,3653.528564453125,122.5722885131836,0.0018939999863505363,1.003978967666626,0.04175100103020668
2019-02-13,3632.070556640625,122.55360412597656,0.001892999978736043,1.0039680004119873,0.04111799970269203
2019-02-14,3616.880859375,121.39020538330078,0.0018970000091940165,1.0064820051193237,0.040539998561143875
2019-02-15,3620.810791015625,122.10038757324219,0.0019079999765381217,1.0034409761428833,0.0406000018119812
2019-02-16,3629.78759765625,123.26021575927734,0.0019239999819546938,1.0032639503479004,0.041025999933481216
2019-02-17,3673.836181640625,133.598876953125,0.0019920000340789557,1.0009560585021973,0.04145200178027153
2019-02-18,3915.71435546875,146.09837341308594,0.002114000031724572,1.0054529905319214,0.045605000108480453
2019-02-19,3947.094482421875,145.34619140625,0.0020669999066740274,1.0076160430908203,0.04615800082683563
2019-02-20,3999.820556640625,149.55433654785156,0.002078999998047948,1.0069780349731445,0.047550998628139496
2019-02-21,3954.1181640625,146.13084411621094,0.0020280000753700733,1.0044180154800415,0.04496899992227554
2019-02-22,4005.526611328125,149.0924530029297,0.002056000055745244,1.0085400342941284,0.04616300016641617
2019-02-23,4142.52685546875,158.79542541503906,0.0020830000285059214,1.0085289478302002,0.04859299957752228
2019-02-24,3810.427490234375,135.8526611328125,0.001973999897018075,1.012045979499817,0.0424560010433197
2019-02-25,3882.6962890625,139.82286071777344,0.00203000009059906,1.0150519609451294,0.04404300078749657
2019-02-26,3854.35791015625,138.0896759033203,0.0020230000372976065,1.0108469724655151,0.04330400004982948
2019-02-27,3851.04736328125,136.12596130371094,0.002019000006839633,1.0090450048446655,0.04326999932527542
2019-02-28,3854.785400390625,136.74624633789062,0.0019759999122470617,1.0100669860839844,0.043122999370098114
2019-03-01,3859.583740234375,136.44361877441406,0.0019940000493079424,1.0068680047988892,0.043278999626636505
2019-03-02,3864.4150390625,134.2069549560547,0.002002999885007739,1.011415958404541,0.042837999761104584
2019-03-03,3847.17578125,132.24942016601562,0.0019990000873804092,1.0102200508117676,0.04231199994683266
2019-03-04,3761.55712890625,127.77412414550781,0.001981999957934022,1.0116169452667236,0.04060199856758118
2019-03-05,3896.375,137.8223876953125,0.001984999980777502,1.011154055595398,0.04321200028061867
2019-03-06,3903.942626953125,138.7893524169922,0.0019829999655485153,1.0105830430984497,0.04284299910068512
2019-03-07,3911.484375,138.0345001220703,0.0019910000264644623,1.0084749460220337,0.04294399917125702
2019-03-08,3901.131591796875,135.1270751953125,0.001979999942705035,1.009524941444397,0.042663998901844025
2019-03-09,3963.313720703125,137.96533203125,0.001998000079765916,1.0059759616851807,0.04672800004482269
2019-03-10,3951.599853515625,136.75868225097656,0.0019990000873804092,1.008821964263916,0.04569799825549126
2019-03-11,3905.227294921875,133.8340301513672,0.0019660000689327717,1.0087800025939941,0.04763299971818924
2019-03-12,3909.15625,134.44288635253906,0.0020119999535381794,1.0065979957580566,0.04739699885249138
2019-03-13,3906.71728515625,133.26307678222656,0.002025000052526593,1.0100829601287842,0.04659000039100647
2019-03-14,3924.369140625,133.7115936279297,0.0020389999262988567,1.0107070207595825,0.048055000603199005
2019-03-15,3960.9111328125,137.69178771972656,0.002047999994829297,1.0098010301589966,0.05007699877023697
2019-03-16,4048.725830078125,142.39817810058594,0.002076999982818961,1.0109610557556152,0.051621001213788986
2019-03-17,4025.22900390625,140.00054931640625,0.0020810000132769346,1.0092179775238037,0.050207000225782394
2019-03-18,4032.50732421875,139.37460327148438,0.0020830000285059214,1.0109469890594482,0.05045200139284134
2019-03-19,4071.190185546875,140.51919555664062,0.0020910000894218683,1.014009952545166,0.05259399861097336
2019-03-20,4087.476318359375,140.6863555908203,0.002061000093817711,1.0105570554733276,0.05389099940657616
2019-03-21,4029.326904296875,136.6360626220703,0.0020540000405162573,1.0117360353469849,0.05290000140666962
2019-03-22,4023.96826171875,137.1814422607422,0.0020520000252872705,1.0076220035552979,0.05806199833750725
2019-03-23,4035.826416015625,138.2398681640625,0.0020639998838305473,1.0073519945144653,0.0637810006737709
2019-03-24,4022.168212890625,136.98692321777344,0.0020540000405162573,1.0056380033493042,0.06170399859547615
2019-03-25,3963.070556640625,135.03102111816406,0.00204299995675683,1.0075520277023315,0.05902500078082085
2019-03-26,3985.080810546875,135.46035766601562,0.0020540000405162573,1.0103390216827393,0.062369998544454575
2019-03-27,4087.066162109375,140.9881591796875,0.002085000043734908,1.0122530460357666,0.0675949975848198
2019-03-28,4069.107177734375,139.41647338867188,0.002073999959975481,1.0108519792556763,0.06582800298929214
2019-03-29,4098.37451171875,142.49742126464844,0.002087000058963895,0.9984959959983826,0.07128900289535522
2019-03-30,4106.66015625,142.09268188476562,0.0020800000056624413,1.0003490447998047,0.07173900306224823
2019-03-31,4158.18310546875,141.830322265625,0.0024610001128166914,1.003026008605957,0.07232999801635742
2019-03-31,4105.404296875,141.51409912109375,0.0020800000056624413,1.0005589723587036,0.0697460025548935
2019-04-01,4879.8779296875,163.9617462158203,0.002795000094920397,1.008167028427124,0.08546700328588486
2019-04-02,4973.02197265625,161.45880126953125,0.0031640001107007265,1.0075019598007202,0.09072300046682358
2019-04-03,4922.798828125,158.0525360107422,0.003696999978274107,1.0054210424423218,0.08737000077962875
2019-04-04,5036.68115234375,165.5148468017578,0.003590000094845891,1.0070099830627441,0.0912259966135025
2019-04-05,5059.8173828125,165.94720458984375,0.0034390001092106104,1.0036629438400269,0.09028899669647217
2019-04-06,5198.89697265625,174.53164672851562,0.0034179999493062496,1.004601001739502,0.09048400074243546
2019-04-07,5289.77099609375,180.25881958007812,0.0030449999030679464,1.0089830160140991,0.087008997797966
2019-04-08,5204.95849609375,176.1145782470703,0.0028840000741183758,1.0078530311584473,0.08374900370836258
2019-04-09,5324.5517578125,177.3374786376953,0.003020999953150749,1.0037620067596436,0.08996400237083435
2019-04-10,5064.48779296875,165.4970245361328,0.0027890000492334366,1.0056090354919434,0.08338499814271927
2019-04-11,5089.5390625,164.736328125,0.002856000093743205,1.007194995880127,0.08346299827098846
2019-04-12,5096.58642578125,164.5133514404297,0.0028719999827444553,1.0067390203475952,0.08373100310564041
2019-04-13,5167.72216796875,167.83851623535156,0.002882000058889389,1.005378007888794,0.08464299887418747
2019-04-14,5067.1083984375,161.5741729736328,0.00279000005684793,1.0012099742889404,0.08230700343847275
2019-04-15,5235.5595703125,167.62344360351562,0.0028349999338388443,1.0105220079421997,0.08378300070762634
2019-04-16,5251.93798828125,166.9507598876953,0.0028099999763071537,1.0063070058822632,0.08307400345802307
2019-04-17,5298.3857421875,173.81402587890625,0.0029460000805556774,1.0049949884414673,0.08177500218153
2019-04-18,5303.8125,173.70843505859375,0.0028929999098181725,1.005918025970459,0.0794999971985817
2019-04-19,5337.88623046875,173.7512664794922,0.002901999978348613,1.0052030086517334,0.07650599628686905
2019-04-20,5314.53125,170.04652404785156,0.0027600000612437725,1.0066570043563843,0.07410600036382675
2019-04-21,5399.365234375,171.87466430664062,0.0027979998849332333,1.0060889720916748,0.0780399963259697
2019-04-22,5572.3623046875,171.4477996826172,0.0027719999197870493,1.0083229541778564,0.07452400028705597
2019-04-23,5464.86669921875,165.8260955810547,0.002598999999463558,1.0055639743804932,0.07264500111341476
2019-04-24,5210.515625,154.4593963623047,0.0025059999898076057,0.9928079843521118,0.06924399733543396
2019-04-25,5279.34814453125,156.3470916748047,0.0025190000887960196,0.9911029934883118,0.06921900063753128
2019-04-26,5268.291015625,158.4349365234375,0.0025160000659525394,0.9947509765625,0.0701960027217865
2019-04-27,5285.13916015625,157.29507446289062,0.0025309999473392963,0.9938730001449585,0.06859099864959717
2019-04-28,5247.3525390625,155.20199584960938,0.0024659999180585146,1.0003700256347656,0.06463100016117096
2019-04-29,5350.7265625,162.16603088378906,0.0025130000431090593,1.0060490369796753,0.07034599781036377
2019-04-30,5402.697265625,160.81834411621094,0.0025210001040250063,1.002150058746338,0.06901399791240692
2019-05-01,5505.28369140625,162.12278747558594,0.0026110000908374786,1.00114905834198,0.06857900321483612
2019-05-02,5768.28955078125,167.95240783691406,0.0027209999971091747,1.001222014427185,0.06985799968242645
2019-05-03,5831.16748046875,164.02658081054688,0.00267999991774559,1.0004780292510986,0.066880002617836
2019-05-04,5795.70849609375,163.45069885253906,0.002652999944984913,1.0022759437561035,0.06614600121974945
2019-05-05,5746.80712890625,172.65321350097656,0.0025420000310987234,0.9995459914207458,0.06678000092506409
2019-05-06,5829.50146484375,169.7986602783203,0.002535999985411763,0.9980149865150452,0.06403599679470062
2019-05-07,5982.45751953125,170.9481658935547,0.0025369999930262566,1.0013740062713623,0.06460600346326828
2019-05-08,6174.52880859375,170.289306640625,0.0024999999441206455,0.9992809891700745,0.06169100105762482
2019-05-09,6378.84912109375,173.1427459716797,0.0025220001116394997,1.0011019706726074,0.06342799961566925
2019-05-10,7204.771484375,194.30433654785156,0.0027540000155568123,1.0007590055465698,0.07517100125551224
2019-05-11,6972.37158203125,187.3253173828125,0.0026650000363588333,0.9956340193748474,0.07008600234985352
2019-05-12,7814.9150390625,196.84628295898438,0.002756000030785799,1.0051089525222778,0.07307200133800507
2019-05-13,7994.416015625,217.14857482910156,0.003068000078201294,1.0000009536743164,0.08450499922037125
2019-05-14,8205.16796875,247.15306091308594,0.0033080000430345535,1.002776026725769,0.09395100176334381
2019-05-15,7884.9091796875,264.010009765625,0.0031679999083280563,0.9990400075912476,0.08816099911928177
2019-05-16,7343.8955078125,243.76458740234375,0.0029619999695569277,0.9967730045318604,0.08325999975204468
2019-05-17,7271.2080078125,234.59523010253906,0.003005000064149499,0.9966400265693665,0.0791039988398552
2019-05-18,8197.689453125,261.2922058105469,0.00317799998447299,1.0106099843978882,0.08699599653482437
2019-05-19,7978.30908203125,251.86441040039062,0.0030410001054406166,1.0038479566574097,0.08484800159931183
2019-05-20,7963.32763671875,255.21588134765625,0.003085999982431531,1.0054969787597656,0.0846169963479042
2019-05-21,7680.06640625,244.69891357421875,0.002939000027254224,1.001399040222168,0.07795500010251999
2019-05-22,7881.8466796875,245.96566772460938,0.0029609999619424343,1.0044280290603638,0.08068999648094177
2019-05-23,7987.37158203125,249.4849853515625,0.0029949999880045652,1.0030039548873901,0.08086899667978287
2019-05-24,8052.5439453125,251.75987243652344,0.0029909999575465918,1.003458023071289,0.08050200343132019
2019-05-25,8673.2158203125,267.06964111328125,0.003092000028118491,1.0098580121994019,0.08601400256156921
2019-05-26,8805.7783203125,272.8626403808594,0.003140999935567379,1.0049450397491455,0.09169500321149826
2019-05-27,8719.9619140625,271.7687072753906,0.0031479999888688326,1.0000100135803223,0.09281499683856964
2019-05-28,8659.4873046875,269.4556884765625,0.0031270000617951155,1.0012849569320679,0.09086699783802032
2019-05-29,8319.47265625,255.85894775390625,0.0032579998951405287,1.0019710063934326,0.08450999855995178
2019-05-30,8574.501953125,268.1135559082031,0.0034409998916089535,1.0034730434417725,0.08944100141525269
2019-05-31,8564.0166015625,265.3912658691406,0.003418999956920743,1.0039310455322266,0.09053300321102142
2019-06-01,8742.9580078125,270.22552490234375,0.003398000029847026,1.00211501121521,0.09657800197601318
2019-06-02,8208.9951171875,252.60792541503906,0.003197999903932214,0.9995620250701904,0.08870799839496613
2019-06-03,7707.77099609375,241.3387908935547,0.00304200011305511,0.9950630068778992,0.08248600363731384
2019-06-04,7824.2314453125,247.05101013183594,0.0030700000934302807,1.005081057548523,0.08343800157308578
2019-06-05,7822.0234375,249.47433471679688,0.0030869999900460243,1.0036699771881104,0.08347199857234955
2019-06-06,8043.951171875,250.93035888671875,0.003109999932348728,1.0066499710083008,0.08580700308084488
2019-06-07,7954.1279296875,245.73809814453125,0.003083999967202544,1.0047270059585571,0.0842130035161972
2019-06-08,7688.0771484375,233.08670043945312,0.003011999884620309,1.0029710531234741,0.07947000116109848
2019-06-09,8000.32958984375,247.52012634277344,0.003091000020503998,1.0056289434432983,0.08553700149059296
2019-06-10,7927.71435546875,245.78182983398438,0.0030580000020563602,1.0050740242004395,0.0879649966955185
2019-06-11,8145.857421875,260.9032897949219,0.0030670000705868006,1.0029280185699463,0.09652499854564667
2019-06-12,8230.923828125,256.1687927246094,0.0030739998910576105,1.001899003982544,0.08973900228738785
2019-06-13,8693.8330078125,264.08746337890625,0.0031240000389516354,1.006155014038086,0.09061899781227112
2019-06-14,8838.375,269.0193176269531,0.003157000057399273,1.005560040473938,0.09168300032615662
2019-06-15,8994.48828125,269.22320556640625,0.003186000045388937,1.0029590129852295,0.0923210009932518
2019-06-16,9320.3525390625,274.3511047363281,0.0031900000758469105,1.004986047744751,0.09355700016021729
2019-06-17,9081.7626953125,265.0518493652344,0.0031250000465661287,0.9999520182609558,0.08914799988269806
2019-06-18,9273.521484375,269.4317932128906,0.0031300000846385956,1.002128005027771,0.08997900038957596
2019-06-19,9527.16015625,271.69500732421875,0.0031610000878572464,1.0002269744873047,0.08738499879837036
2019-06-20,10144.556640625,294.9102783203125,0.003223000094294548,1.0027990341186523,0.08956199884414673
2019-06-21,10701.69140625,309.38031005859375,0.0032790000550448895,0.9958170056343079,0.09436699748039246
2019-06-22,10855.37109375,307.8277893066406,0.00330400001257658,0.9966909885406494,0.09664399921894073
2019-06-23,11011.1025390625,310.4246826171875,0.0033680000342428684,0.997842013835907,0.09771899878978729
2019-06-24,11790.9169921875,318.1263122558594,0.0033919999841600657,0.9993330240249634,0.09635700285434723
2019-06-25,13016.2314453125,336.753173828125,0.003378999885171652,0.9918190240859985,0.09681999683380127
2019-06-26,11182.806640625,294.26763916015625,0.0033289999701082706,0.98573899269104,0.08644899725914001
2019-06-27,12407.33203125,311.2261047363281,0.003490000031888485,1.0006639957427979,0.08929499983787537
2019-06-28,11959.37109375,320.05889892578125,0.0034050000831484795,0.9986039996147156,0.09042199701070786
2019-06-29,10817.1552734375,290.69598388671875,0.0032579998951405287,0.9924870133399963,0.08209799975156784
2019-06-30,10583.134765625,293.64111328125,0.003237999975681305,0.9960520267486572,0.08382199704647064
2019-07-01,10801.677734375,291.596435546875,0.003203999949619174,1.0028799772262573,0.08107700198888779
2019-07-02,11961.26953125,303.0999755859375,0.0033130000811070204,1.0050150156021118,0.08299800008535385
2019-07-03,11215.4375,284.5232238769531,0.0032289999071508646,0.9999290108680725,0.07777400314807892
2019-07-04,10978.4599609375,287.9975280761719,0.0038670001085847616,1.0016690492630005,0.07653199881315231
2019-07-05,11208.55078125,287.547119140625,0.0035470000002533197,0.997409999370575,0.07733500003814697
2019-07-06,11450.8466796875,305.7005615234375,0.0036329999566078186,1.0024499893188477,0.07996399700641632
2019-07-07,12285.9580078125,313.25140380859375,0.00355900009162724,1.0046260356903076,0.08047600090503693
2019-07-08,12573.8125,308.8810119628906,0.0035490000154823065,1.0022200345993042,0.0779929980635643
2019-07-09,12156.5126953125,290.0023193359375,0.00342399999499321,0.9997820258140564,0.07193999737501144
2019-07-10,11358.662109375,268.70404052734375,0.0032430000137537718,0.9965140223503113,0.06519900262355804
2019-07-11,11815.986328125,276.2767028808594,0.0033400000538676977,1.0066759586334229,0.06975399702787399
2019-07-12,11392.37890625,269.45880126953125,0.003249000059440732,0.9986940026283264,0.06677000224590302
2019-07-13,10256.05859375,227.57806396484375,0.0030139998998492956,0.9999949932098389,0.059429001063108444
2019-07-14,10895.08984375,229.7760009765625,0.003092000028118491,1.0082859992980957,0.059537000954151154
2019-07-15,9477.6416015625,199.1886749267578,0.0028250000905245543,0.9959239959716797,0.05205199867486954
2019-07-16,9693.802734375,211.48497009277344,0.0030300000216811895,1.0062659978866577,0.0552389994263649
2019-07-17,10666.482421875,226.566162109375,0.0031210000161081553,1.0088520050048828,0.058772001415491104
2019-07-18,10530.732421875,221.3334197998047,0.0030590000096708536,1.002974033355713,0.059787001460790634
2019-07-19,10767.1396484375,229.1192169189453,0.003117999993264675,1.0050380229949951,0.0629580020904541
2019-07-20,10599.10546875,225.63076782226562,0.0030759999062865973,1.0007829666137695,0.0612029992043972
2019-07-21,10343.1064453125,217.5600128173828,0.002997000003233552,1.0003960132598877,0.05946600064635277
2019-07-22,9900.767578125,212.728515625,0.0028800000436604023,0.9976310133934021,0.05581200122833252
2019-07-23,9811.92578125,217.04637145996094,0.0029150000773370266,1.0030479431152344,0.059046000242233276
2019-07-24,9911.841796875,219.6179962158203,0.002920999890193343,1.0031269788742065,0.058664001524448395
2019-07-25,9870.3037109375,219.62960815429688,0.002920999890193343,1.00387704372406,0.06288400292396545
2019-07-26,9477.677734375,207.40830993652344,0.0028230000752955675,0.9989039897918701,0.05987099930644035
2019-07-27,9552.8603515625,211.18655395507812,0.0028589998837560415,1.002236008644104,0.059473998844623566
2019-07-28,9519.1455078125,211.26805114746094,0.002839999971911311,1.000520944595337,0.06039299815893173
2019-07-29,9607.423828125,210.52259826660156,0.0028170000296086073,1.003175973892212,0.05994400009512901
2019-07-30,10085.6279296875,218.65414428710938,0.0028989999555051327,1.003749966621399,0.060152001678943634
2019-07-31,10399.6689453125,217.80844116210938,0.002956999931484461,1.0060679912567139,0.05887199938297272
2019-08-01,10518.1748046875,217.87156677246094,0.0029090000316500664,1.001747965812683,0.05741199851036072
2019-08-02,10821.7265625,222.49034118652344,0.0029120000544935465,1.004276990890503,0.0577629990875721
2019-08-03,10970.1845703125,222.6697235107422,0.0029380000196397305,1.0050679445266724,0.05627100169658661
2019-08-04,11805.6533203125,234.21502685546875,0.0030869999900460243,1.0099719762802124,0.05668000131845474
2019-08-05,11478.1689453125,226.02064514160156,0.002950000111013651,0.9982110261917114,0.05336900055408478
2019-08-06,11941.96875,226.39100646972656,0.0030060000717639923,1.0019609928131104,0.051906000822782516
2019-08-07,11966.4072265625,220.94186401367188,0.0029279999434947968,0.9974539875984192,0.05197000131011009
2019-08-08,11862.9365234375,210.48890686035156,0.0029039999935775995,0.9987419843673706,0.047641001641750336
2019-08-09,11354.0244140625,206.73353576660156,0.002841999987140298,0.9996640086174011,0.05198099836707115
2019-08-10,11523.5791015625,216.09286499023438,0.0028979999478906393,0.9976500272750854,0.05498100072145462
2019-08-11,11382.6162109375,211.28807067871094,0.0028800000436604023,0.9984269738197327,0.05293799936771393
2019-08-12,10895.830078125,208.70904541015625,0.0028250000905245543,0.9966070055961609,0.05256099998950958
2019-08-13,10051.7041015625,186.6077423095703,0.002722000004723668,0.9932669997215271,0.04699999839067459
2019-08-14,10311.5458984375,188.50205993652344,0.0026400000788271427,1.0027680397033691,0.04751899838447571
2019-08-15,10374.3388671875,185.44007873535156,0.0026809999253600836,1.0024290084838867,0.04684099927544594
2019-08-16,10231.744140625,185.68768310546875,0.0026459998916834593,1.0009180307388306,0.04739300161600113
2019-08-17,10345.810546875,194.4935302734375,0.0027230000123381615,1.0034220218658447,0.05073099955916405
2019-08-18,10916.0537109375,203.09193420410156,0.0027970001101493835,1.0042760372161865,0.05029800161719322
2019-08-19,10763.232421875,196.56541442871094,0.0027630000840872526,1.0005550384521484,0.049194999039173126
2019-08-20,10138.0498046875,186.89163208007812,0.002675000112503767,0.9944720268249512,0.047113001346588135
2019-08-21,10131.0556640625,191.33291625976562,0.0027000000700354576,1.0029799938201904,0.04941000044345856
2019-08-22,10407.96484375,194.70620727539062,0.0027129999361932278,1.0039069652557373,0.049789998680353165
2019-08-23,10159.9609375,191.28956604003906,0.00266100000590086,1.0026370286941528,0.05017700046300888
2019-08-24,10138.517578125,186.84239196777344,0.002662000013515353,0.9995589852333069,0.04943900182843208
2019-08-25,10370.8203125,188.92938232421875,0.002678999910131097,1.0013469457626343,0.04969700053334236
2019-08-26,10185.5,187.51666259765625,0.0026199999265372753,0.9991369843482971,0.04983900114893913
2019-08-27,9754.4228515625,173.8899688720703,0.0025239998940378428,0.9969180226325989,0.04582500085234642
2019-08-28,9510.2001953125,169.51673889160156,0.0024500000290572643,1.002593994140625,0.044697001576423645
2019-08-29,9598.173828125,168.83486938476562,0.0024820000398904085,1.0020899772644043,0.0448249988257885
2019-08-30,9630.6640625,172.46978759765625,0.0025110000278800726,1.0037440061569214,0.04498999938368797
2019-08-31,9757.970703125,171.62942504882812,0.002492000116035342,1.0045729875564575,0.04454300180077553
2019-09-01,10346.7607421875,178.34735107421875,0.002595999976620078,1.0030850172042847,0.04536199942231178
2019-09-02,10623.5400390625,179.49932861328125,0.0025949999690055847,1.0025520324707031,0.04677100107073784
2019-09-03,10594.4931640625,175.99288940429688,0.002689999993890524,1.0024809837341309,0.045517001301050186
2019-09-04,10575.533203125,174.21713256835938,0.0025309999473392963,1.0010449886322021,0.044436998665332794
2019-09-05,10353.302734375,169.9561767578125,0.002509000012651086,1.0033999681472778,0.04441500082612038
2019-09-06,10517.2548828125,178.2626190185547,0.002515000058338046,1.0059139728546143,0.04619799926877022
2019-09-07,10441.2763671875,181.35552978515625,0.002500999951735139,1.0052529573440552,0.04671899974346161
2019-09-08,10334.974609375,181.1494598388672,0.0024610001128166914,1.0024889707565308,0.04693099856376648
2019-09-09,10115.9755859375,179.78717041015625,0.0024369999300688505,0.9998059868812561,0.046509999781847
2019-09-10,10178.3720703125,178.72549438476562,0.0023990001063793898,1.0024069547653198,0.04498999938368797
2019-09-11,10410.126953125,181.01609802246094,0.0024250000715255737,1.002316951751709,0.045451998710632324
2019-09-12,10360.546875,181.10972595214844,0.002426000079140067,1.0013740062713623,0.04575299844145775
2019-09-13,10358.048828125,188.1055145263672,0.002440999960526824,1.0022350549697876,0.04652399942278862
2019-09-14,10347.712890625,189.78912353515625,0.002460000105202198,1.0039039850234985,0.04679900035262108
2019-09-15,10276.7939453125,197.11317443847656,0.002455000067129731,1.0016260147094727,0.04707099869847298
2019-09-16,10241.2724609375,208.60874938964844,0.0026080000679939985,1.0048860311508179,0.049008000642061234
2019-09-17,10198.248046875,211.39303588867188,0.002718999981880188,1.0048890113830566,0.05329199880361557
2019-09-18,10266.4150390625,221.28085327148438,0.0027089999057352543,1.0029890537261963,0.05250399932265282
2019-09-19,10181.6416015625,218.050048828125,0.002672000089660287,1.0009510517120361,0.05234000086784363
2019-09-20,10019.716796875,215.51620483398438,0.0025859999004751444,1.0023540258407593,0.05192200094461441
2019-09-21,10070.392578125,211.54537963867188,0.0025919999461621046,1.002634048461914,0.04911100119352341
2019-09-22,9729.32421875,201.9213104248047,0.002486000070348382,1.0025479793548584,0.04626400023698807
2019-09-23,8620.56640625,168.11073303222656,0.0022279999684542418,1.0071580410003662,0.03757299855351448
2019-09-24,8486.9931640625,170.8927001953125,0.002196999965235591,1.0067490339279175,0.039395999163389206
2019-09-25,8118.9677734375,166.7271270751953,0.0021550001110881567,1.0044310092926025,0.03822899982333183
2019-09-26,8251.845703125,174.71099853515625,0.002220999915152788,1.0103440284729004,0.039531998336315155
2019-09-27,8245.9150390625,174.57289123535156,0.002234000014141202,1.0046279430389404,0.03882699832320213
2019-09-28,8104.185546875,170.50347900390625,0.002222999930381775,1.0056769847869873,0.0374860018491745
2019-09-29,8293.8681640625,179.87220764160156,0.0023870000150054693,1.0041090250015259,0.038885001093149185
2019-09-30,8343.2763671875,177.34042358398438,0.0023880000226199627,1.0063960552215576,0.03850699961185455
2019-10-01,8393.0419921875,180.71051025390625,0.0023509999737143517,1.0042450428009033,0.039445001631975174
2019-10-02,8259.9921875,175.1993408203125,0.0023250000085681677,1.0049480199813843,0.03836100175976753
2019-10-03,8205.939453125,176.98500061035156,0.002360000042244792,1.0088410377502441,0.039666999131441116
2019-10-04,8151.50048828125,176.3515167236328,0.0023219999857246876,1.0019320249557495,0.039730001240968704
2019-10-05,7988.15576171875,173.05914306640625,0.002345999935641885,1.0120869874954224,0.03932400047779083
2019-10-06,8245.623046875,181.18634033203125,0.0023900000378489494,1.008523941040039,0.0416719987988472
2019-10-07,8228.783203125,182.0215606689453,0.002345999935641885,1.006119966506958,0.04144100099802017
2019-10-08,8595.740234375,193.2932586669922,0.0023880000226199627,1.0057189464569092,0.042628999799489975
2019-10-09,8586.4736328125,191.65966796875,0.0023320000618696213,1.003237009048462,0.04166100174188614
2019-10-10,8321.7568359375,182.56968688964844,0.0023449999280273914,1.0123519897460938,0.040623001754283905
2019-10-11,8336.5556640625,180.82664489746094,0.0023399998899549246,1.0044749975204468,0.04054199904203415
2019-10-12,8321.005859375,182.0751495361328,0.0024470000062137842,1.0049420595169067,0.04132499918341637
2019-10-13,8374.6865234375,186.96090698242188,0.0025450000539422035,1.004194974899292,0.04178899899125099
2019-10-14,8205.369140625,181.40606689453125,0.0025100000202655792,1.0040500164031982,0.03976599872112274
2019-10-15,8047.52685546875,176.0135040283203,0.002607000060379505,1.0061269998550415,0.03874099999666214
2019-10-16,8103.9111328125,178.02835083007812,0.0027550000231713057,1.0042070150375366,0.03952400013804436
2019-10-17,7973.20751953125,173.621337890625,0.002706000115722418,1.0027389526367188,0.03807299956679344
2019-10-18,7988.560546875,172.91302490234375,0.002742999931797385,1.0068509578704834,0.03922500088810921
2019-10-19,8222.078125,175.5343780517578,0.002730000065639615,1.0028860569000244,0.03952899947762489
2019-10-20,8243.720703125,174.92098999023438,0.002773999935016036,1.0041780471801758,0.0392800010740757
2019-10-21,8078.203125,172.3008575439453,0.0025649999734014273,1.0044900178909302,0.038816001266241074
2019-10-22,7514.671875,162.4027862548828,0.0024949999060481787,1.0024490356445312,0.03640900179743767
2019-10-23,7493.48876953125,162.16854858398438,0.00253800000064075,1.0074280500411987,0.03768499940633774
2019-10-24,8660.7001953125,181.52320861816406,0.0026839999482035637,1.0021719932556152,0.04124600067734718
2019-10-25,9244.97265625,179.83547973632812,0.002621999941766262,1.0015950202941895,0.040546998381614685
2019-10-26,9551.71484375,184.24221801757812,0.0026539999525994062,1.004241943359375,0.04233499988913536
2019-10-28,9256.1484375,182.66281127929688,0.0026459998916834593,1.0028549432754517,0.0423629991710186
2019-10-29,9427.6875,190.3425750732422,0.0026549999602138996,1.0021350383758545,0.04344400018453598
2019-10-30,9205.7265625,184.69216918945312,0.002615999896079302,1.0058530569076538,0.0419670008122921
2019-10-31,9199.5849609375,183.9669189453125,0.0026149998884648085,1.0064189434051514,0.04163600131869316
2019-11-01,9261.1044921875,183.9698944091797,0.002630000002682209,1.004101037979126,0.04234499856829643
2019-11-02,9324.7177734375,183.92572021484375,0.002626999979838729,1.0047580003738403,0.04259900003671646
2019-11-03,9235.3544921875,182.42501831054688,0.0026370000559836626,1.0044469833374023,0.041930001229047775
2019-11-04,9412.6123046875,186.35519409179688,0.0026140001136809587,1.004343032836914,0.04323599860072136
2019-11-05,9342.52734375,189.30416870117188,0.002623999956995249,1.004742980003357,0.0443280003964901
2019-11-06,9360.8798828125,191.59384155273438,0.0026279999874532223,1.0030330419540405,0.04495599865913391
2019-11-07,9267.5615234375,187.97654724121094,0.002725000027567148,1.0057320594787598,0.043637000024318695
2019-11-08,8804.880859375,184.2114715576172,0.002652999944984913,1.0024980306625366,0.04229699820280075
2019-11-09,8813.58203125,185.02871704101562,0.0027129999361932278,1.000188946723938,0.042445000261068344
2019-11-10,9055.5263671875,189.47727966308594,0.0027749999426305294,1.002694010734558,0.04395800083875656
2019-11-11,8757.7880859375,185.48963928222656,0.0027149999514222145,1.002437949180603,0.0431939996778965
2019-11-12,8815.662109375,186.84341430664062,0.002725000027567148,1.001397967338562,0.04376700147986412
2019-11-13,8808.2626953125,188.2587432861328,0.002698000054806471,1.0031750202178955,0.04349200055003166
2019-11-14,8708.0947265625,185.9996337890625,0.00267999991774559,1.0055819749832153,0.043118998408317566
2019-11-15,8491.9921875,180.52117919921875,0.0026569999754428864,1.0013689994812012,0.043974000960588455
2019-11-16,8550.7607421875,183.34835815429688,0.002669000066816807,1.0067460536956787,0.044172000139951706
2019-11-17,8577.9755859375,185.11923217773438,0.002647999906912446,1.0084710121154785,0.04542100057005882
2019-11-18,8309.2861328125,180.55960083007812,0.0025760000571608543,1.0120079517364502,0.04380200058221817
2019-11-19,8206.1455078125,177.45555114746094,0.0025480000767856836,1.0089679956436157,0.042541999369859695
2019-11-20,8027.26806640625,175.69834899902344,0.002555999904870987,1.0054399967193604,0.04117799922823906
2019-11-21,7642.75,161.4627227783203,0.002426000079140067,1.000411033630371,0.038405999541282654
2019-11-22,7296.57763671875,150.26817321777344,0.0023620000574737787,1.0030449628829956,0.03714799880981445
2019-11-23,7397.796875,153.41778564453125,0.0025049999821931124,1.0131299495697021,0.038343001157045364
2019-11-24,7047.9169921875,142.83470153808594,0.002365000080317259,1.0175189971923828,0.03558799996972084
2019-11-25,7146.1337890625,146.47653198242188,0.00228599994443357,1.0031139850616455,0.03604799881577492
2019-11-26,7218.37109375,148.96507263183594,0.0022909999825060368,1.0097730159759521,0.03699300065636635
2019-11-27,7531.66357421875,153.01055908203125,0.002339000115171075,1.0050270557403564,0.039048999547958374
2019-11-28,7463.10595703125,151.7175750732422,0.0023129999171942472,1.004080057144165,0.03919000178575516
2019-11-29,7761.24365234375,155.3041534423828,0.0024560000747442245,1.0045210123062134,0.041423000395298004
2019-11-30,7569.6298828125,152.53968811035156,0.002319999970495701,1.0017030239105225,0.040424998849630356
2019-12-01,7424.29248046875,151.18572998046875,0.00229199999012053,1.0024809837341309,0.03958699852228165
2019-12-02,7321.98828125,149.0591583251953,0.0022350000217556953,1.0016809701919556,0.03805600106716156
2019-12-03,7320.1455078125,147.9564208984375,0.0022169998846948147,1.0031349658966064,0.03791699931025505
2019-12-04,7252.03466796875,146.74774169921875,0.002208000048995018,1.0079389810562134,0.037404999136924744
2019-12-05,7448.3076171875,149.24899291992188,0.002222999930381775,1.0100719928741455,0.03787099942564964
2019-12-06,7546.99658203125,149.19444274902344,0.002225999953225255,1.0034279823303223,0.0383169986307621
2019-12-07,7556.23779296875,148.76815795898438,0.0022299999836832285,1.0074119567871094,0.038757000118494034
2019-12-08,7564.34521484375,151.2647247314453,0.0022380000445991755,1.006376028060913,0.038947999477386475
2019-12-09,7400.8994140625,148.2251739501953,0.002208000048995018,1.0042530298233032,0.03748299926519394
2019-12-10,7278.11962890625,146.2670440673828,0.0022040000185370445,1.0058549642562866,0.03660599887371063
2019-12-11,7217.42724609375,143.60800170898438,0.002185000106692314,1.0119229555130005,0.0366550013422966
2019-12-12,7243.13427734375,145.60400390625,0.0021879998967051506,1.0058369636535645,0.036722999066114426
2019-12-13,7269.6845703125,144.9447479248047,0.0021750000305473804,1.0017509460449219,0.03710800036787987
2019-12-14,7124.673828125,142.86923217773438,0.0021699999924749136,1.0060880184173584,0.03642699867486954
2019-12-15,7152.3017578125,143.114990234375,0.0021540001034736633,1.0046160221099854,0.036653000861406326
2019-12-16,6932.48046875,133.61402893066406,0.0021210000850260258,1.0039860010147095,0.034269001334905624
2019-12-17,6640.51513671875,122.60388946533203,0.0020179999992251396,0.9933390021324158,0.03180000185966492
2019-12-18,7276.802734375,133.09219360351562,0.0021830000914633274,1.006127953529358,0.03446200117468834
2019-12-19,7202.84423828125,129.32113647460938,0.0021230001002550125,1.0085690021514893,0.033250998705625534
2019-12-20,7218.81640625,129.06605529785156,0.0020749999675899744,1.0058419704437256,0.03400399908423424
2019-12-21,7191.15869140625,128.13095092773438,0.0020840000361204147,1.0057580471038818,0.03326199948787689
2019-12-22,7511.5888671875,132.3725128173828,0.0021150000393390656,1.0038870573043823,0.03446599841117859
2019-12-23,7355.62841796875,128.6140899658203,0.0020729999523609877,1.0121359825134277,0.03319999948143959
2019-12-24,7322.5322265625,129.0638885498047,0.0020729999523609877,1.0085870027542114,0.0341619998216629
2019-12-25,7275.15576171875,126.45463562011719,0.002088000066578388,1.004660964012146,0.03372799977660179
2019-12-26,7238.966796875,126.36122131347656,0.0020580000709742308,1.0039880275726318,0.03428100049495697
2019-12-27,7290.08837890625,127.21460723876953,0.002053000032901764,1.0058029890060425,0.03310000151395798
2019-12-28,7317.990234375,128.3227081298828,0.0020639998838305473,1.0003069639205933,0.03363199904561043
2019-12-29,7422.65283203125,134.7579803466797,0.002067999914288521,1.0042099952697754,0.03428399935364723
2019-12-30,7292.9951171875,132.63348388671875,0.0020540000405162573,1.0061750411987305,0.033594001084566116
2019-12-31,7193.59912109375,129.61085510253906,0.0020280000753700733,0.9996790289878845,0.03284500166773796
2020-01-01,7200.17431640625,130.802001953125,0.00203300011344254,0.9998360276222229,0.03345799818634987
2020-01-02,6985.47021484375,127.4101791381836,0.0020089999306946993,1.0015649795532227,0.03275100141763687
2020-01-03,7344.88427734375,134.1717071533203,0.002145000034943223,1.0041919946670532,0.03418000042438507
2020-01-04,7410.65673828125,135.06936645507812,0.0022410000674426556,1.007472038269043,0.034595001488924026
2020-01-05,7411.3173828125,136.2767791748047,0.0024190000258386135,1.0061969757080078,0.034720998257398605
2020-01-06,7769.21923828125,144.3041534423828,0.0024629998952150345,1.0029029846191406,0.037271998822689056
2020-01-07,8163.6923828125,143.5439910888672,0.002432999899610877,1.001723051071167,0.037046998739242554
2020-01-08,8079.86279296875,141.2581329345703,0.0022929999977350235,1.0042530298233032,0.036435000598430634
2020-01-09,7879.0712890625,138.9792022705078,0.0022559999488294125,1.006572961807251,0.03635900095105171
2020-01-10,8166.55419921875,143.96377563476562,0.0023560000117868185,1.0014619827270508,0.03687399998307228
2020-01-11,8037.53759765625,142.92710876464844,0.0023139999248087406,1.0000909566879272,0.03682500123977661
2020-01-12,8192.494140625,145.87393188476562,0.002380999969318509,1.002478003501892,0.037689998745918274
2020-01-13,8144.1943359375,144.22659301757812,0.0023580000270158052,1.0033470392227173,0.036965999752283096
2020-01-14,8827.7646484375,165.95535278320312,0.002469999948516488,1.0018210411071777,0.04165999963879585
2020-01-15,8807.0107421875,166.23068237304688,0.0023690001107752323,0.9996560215950012,0.04255300015211105
2020-01-16,8723.7861328125,164.39100646972656,0.0023449999280273914,0.9992309808731079,0.041391000151634216
2020-01-17,8929.0380859375,170.7799530029297,0.0024900001008063555,1.002879023551941,0.04497800022363663
2020-01-18,8942.80859375,175.3656768798828,0.002506999997422099,1.0027409791946411,0.04485100135207176
2020-01-19,8706.2451171875,166.9698486328125,0.0024049999192357063,0.9985349774360657,0.041978999972343445
2020-01-20,8657.642578125,167.12051391601562,0.0023739999160170555,1.0006879568099976,0.043873000890016556
2020-01-21,8745.89453125,169.69715881347656,0.0023759999312460423,1.0014179944992065,0.04598899930715561
2020-01-22,8680.8759765625,168.29415893554688,0.002322999993339181,1.000594973564148,0.04565399885177612
2020-01-23,8406.515625,162.92855834960938,0.002268000040203333,0.9984089732170105,0.043333999812603
2020-01-24,8445.4345703125,163.05117797851562,0.00227600010111928,1.0029699802398682,0.04500399902462959
2020-01-25,8367.84765625,161.283935546875,0.002256999956443906,1.0021129846572876,0.043248001486063004
2020-01-26,8596.830078125,168.0771026611328,0.002305000089108944,1.0005040168762207,0.04458099976181984
2020-01-27,8909.8193359375,170.93089294433594,0.002368000103160739,1.0018999576568604,0.047912001609802246
2020-01-28,9358.58984375,176.3703155517578,0.0024500000290572643,1.0007599592208862,0.05285700038075447
2020-01-29,9316.6298828125,175.0503387451172,0.0023900000378489494,1.002295970916748,0.05351400002837181
2020-01-30,9508.9931640625,184.6904754638672,0.0024399999529123306,1.0014519691467285,0.0560699999332428
2020-01-31,9350.529296875,180.16017150878906,0.002394000068306923,1.000648021697998,0.05379299819469452
2020-02-01,9392.875,183.6739501953125,0.0024220000486820936,1.0012160539627075,0.056092001497745514
2020-02-02,9344.365234375,188.61753845214844,0.0024679999332875013,1.0005439519882202,0.055768001824617386
2020-02-03,9293.521484375,189.8650665283203,0.0024399999529123306,0.9989129900932312,0.05697900056838989
2020-02-04,9180.962890625,189.25059509277344,0.0025029999669641256,1.0017449855804443,0.05599600076675415
2020-02-05,9613.423828125,204.23023986816406,0.0025820001028478146,1.0028380155563354,0.059230998158454895
2020-02-06,9729.8017578125,212.33908081054688,0.002652999944984913,0.997215986251831,0.05975700169801712
2020-02-07,9795.943359375,222.72605895996094,0.002768999896943569,0.997750997543335,0.059790000319480896
2020-02-08,9865.119140625,223.14651489257812,0.0031590000726282597,0.999534010887146,0.05994400009512901
2020-02-09,10116.673828125,228.5785675048828,0.0032319999299943447,1.0014729499816895,0.0618089996278286
2020-02-10,9856.611328125,223.522705078125,0.002985999919474125,1.0006400346755981,0.06039400026202202
2020-02-11,10208.236328125,235.8511962890625,0.0030410001054406166,0.9984229803085327,0.06322800368070602
2020-02-12,10326.0546875,265.4061279296875,0.0030930000357329845,1.002558946609497,0.06837300211191177
2020-02-13,10214.3798828125,268.0992431640625,0.003025999991223216,0.9985790252685547,0.0685809999704361
2020-02-14,10312.1162109375,284.2174987792969,0.0031300000846385956,1.0001139640808105,0.07057999819517136
2020-02-15,9889.4248046875,264.72857666015625,0.0029200001154094934,0.999127984046936,0.06386300176382065
2020-02-16,9934.43359375,259.89471435546875,0.002773999935016036,0.9992719888687134,0.06265400350093842
2020-02-17,9690.142578125,266.3634338378906,0.0027119999285787344,0.9984740018844604,0.06004200130701065
2020-02-18,10141.99609375,281.944580078125,0.0028389999642968178,1.0007590055465698,0.06259699910879135
2020-02-19,9633.38671875,259.76397705078125,0.002623999956995249,1.0013240575790405,0.05764500051736832
2020-02-20,9608.4755859375,257.949462890625,0.002658999990671873,1.002593994140625,0.0582600012421608
2020-02-21,9686.44140625,265.6006164550781,0.002647999906912446,1.0031379461288452,0.058639999479055405
2020-02-22,9663.181640625,262.33172607421875,0.002601000014692545,1.0018290281295776,0.05833600088953972
2020-02-23,9924.515625,273.754150390625,0.00267999991774559,0.9980170130729675,0.06151000037789345
2020-02-24,9650.1748046875,265.2164306640625,0.002589999930933118,0.9987999796867371,0.058959998190402985
2020-02-25,9341.705078125,247.81759643554688,0.0024759999942034483,1.0014539957046509,0.05636399984359741
2020-02-26,8820.5224609375,225.68026733398438,0.002339000115171075,1.002742052078247,0.0494530014693737
2020-02-27,8784.494140625,226.75338745117188,0.0023240000009536743,0.9984130263328552,0.049685001373291016
2020-02-28,8672.455078125,226.760498046875,0.00228899996727705,0.9970890283584595,0.04861599951982498
2020-02-29,8599.5087890625,219.8485107421875,0.0022350000217556953,1.0063680410385132,0.047540999948978424
2020-03-01,8562.4541015625,218.97059631347656,0.0022750000935047865,1.0004980564117432,0.04593199864029884
2020-03-02,8869.669921875,230.5697784423828,0.002348999958485365,0.9950000047683716,0.04895300045609474
2020-03-03,8787.7861328125,224.47962951660156,0.002498999936506152,1.0024969577789307,0.048760998994112015
2020-03-04,8755.24609375,224.51797485351562,0.0023980000987648964,1.000622034072876,0.049003999680280685
2020-03-05,9078.7626953125,229.2681884765625,0.0025059999898076057,1.0025219917297363,0.05105699971318245
2020-03-06,9122.5458984375,243.52529907226562,0.002495999913662672,0.9984300136566162,0.051447998732328415
2020-03-07,8909.9541015625,237.85308837890625,0.0024049999192357063,1.000182032585144,0.048944998532533646
2020-03-08,8108.1162109375,200.68905639648438,0.0021869998890906572,1.0097750425338745,0.04329099878668785
2020-03-09,7923.64453125,201.986328125,0.0022140000946819782,0.9990479946136475,0.041482001543045044
2020-03-10,7909.7294921875,200.76724243164062,0.0022070000413805246,1.0017210245132446,0.04149499908089638
2020-03-11,7911.43017578125,194.8685302734375,0.0021840000990778208,0.9988059997558594,0.03964899852871895
2020-03-12,4970.7880859375,112.34712219238281,0.0015369999455288053,1.0535850524902344,0.02396100014448166
2020-03-13,5563.70703125,133.20181274414062,0.0017379999626427889,0.999629020690918,0.028436999768018723
2020-03-14,5200.3662109375,123.30602264404297,0.0016659999964758754,1.0016210079193115,0.026009000837802887
2020-03-15,5392.31494140625,125.21430206298828,0.0016850000247359276,1.0019869804382324,0.02711999975144863
2020-03-16,5014.47998046875,110.60587310791016,0.0015869999770075083,0.997003972530365,0.02412099950015545
2020-03-17,5225.62939453125,113.9427490234375,0.0015869999770075083,0.9761450290679932,0.02524299919605255
2020-03-18,5238.4384765625,114.84226989746094,0.0015660000499337912,0.9742479920387268,0.025335999205708504
2020-03-19,6191.19287109375,136.59385681152344,0.0017729999963194132,1.0031930208206177,0.03045099973678589
2020-03-20,6198.7783203125,132.73716735839844,0.0017729999963194132,0.9975559711456299,0.029368000105023384
2020-03-21,6185.06640625,132.81871032714844,0.0017849999712780118,1.0009499788284302,0.029413999989628792
2020-03-22,5830.2548828125,123.32115173339844,0.0017310000257566571,0.9990320205688477,0.02708899974822998
2020-03-23,6416.31494140625,134.91160583496094,0.0018050000071525574,0.9968119859695435,0.029082000255584717
2020-03-24,6734.8037109375,138.76144409179688,0.001851000008173287,1.0004730224609375,0.030162999406456947
2020-03-25,6681.06298828125,136.19589233398438,0.0018339999951422215,0.9985939860343933,0.029438000172376633
2020-03-26,6716.4404296875,138.36155700683594,0.0018420000560581684,0.9984830021858215,0.030727000907063484
2020-03-27,6469.79833984375,133.9379425048828,0.0018070000223815441,1.0133179426193237,0.029301000759005547
2020-03-28,6242.19384765625,130.9864959716797,0.00177800003439188,0.9997040033340454,0.029771000146865845
2020-03-29,6429.841796875,132.904541015625,0.0018309999722987413,1.0065339803695679,0.02987300045788288
2020-03-29,5922.04296875,125.58373260498047,0.0017229999648407102,1.0019630193710327,0.028248999267816544
2020-03-30,6438.64453125,133.59356689453125,0.0018110000528395176,1.0030269622802734,0.030553000047802925
2020-03-31,6606.7763671875,135.63455200195312,0.001867000013589859,1.0047459602355957,0.030855000019073486
2020-04-01,6793.62451171875,142.02914428710938,0.0018820000113919377,1.000717043876648,0.03198400139808655
2020-04-02,6733.38720703125,142.09130859375,0.0018530000234022737,1.0017119646072388,0.032294999808073044
2020-04-03,6867.52734375,145.21939086914062,0.001879999996162951,1.004112958908081,0.03250499814748764
2020-04-04,6791.12939453125,143.54664611816406,0.0018649999983608723,1.00285005569458,0.032003000378608704
2020-04-05,7271.78125,169.13587951660156,0.001979999942705035,0.9928330183029175,0.03561599925160408
2020-04-06,7176.41455078125,165.10194396972656,0.0019970000721514225,0.9986289739608765,0.03513700142502785
2020-04-07,7334.0986328125,172.64173889160156,0.0020119999535381794,0.9991239905357361,0.03631399944424629
2020-04-08,7302.08935546875,170.80714416503906,0.0020210000220686197,1.0034650564193726,0.036198001354932785
2020-04-09,6865.4931640625,158.41244506835938,0.0019680000841617584,1.0007929801940918,0.0332150012254715
2020-04-10,6859.0830078125,158.2160186767578,0.001990000018849969,0.9981160163879395,0.03335399925708771
2020-04-11,6971.091796875,161.14242553710938,0.001990000018849969,1.0081690549850464,0.03380599990487099
2020-04-12,6845.03759765625,156.27955627441406,0.001959000015631318,1.0003269910812378,0.03310700133442879
2020-04-13,6842.427734375,157.5963897705078,0.001964000053703785,0.9968060255050659,0.0329740010201931
2020-04-14,6642.10986328125,153.28689575195312,0.0019399999873712659,0.9995290040969849,0.031863000243902206
2020-04-15,7116.80419921875,172.15737915039062,0.0020280000753700733,1.0027190446853638,0.034407999366521835
2020-04-17,7257.6650390625,186.91400146484375,0.002061000093817711,1.000777006149292,0.036552999168634415
2020-04-18,7189.4248046875,181.61495971679688,0.0020580000709742308,1.0077040195465088,0.035815998911857605
2020-04-19,6881.95849609375,172.2971649169922,0.001981999957934022,1.004804015159607,0.03417700156569481
2020-04-20,6880.3232421875,172.73770141601562,0.0019710001070052385,1.0064560174942017,0.034699998795986176
2020-04-21,7117.20751953125,182.59957885742188,0.002010999945923686,1.000910997390747,0.03655900061130524
2020-04-22,7429.724609375,185.02867126464844,0.0020469999872148037,0.9976919889450073,0.04060500115156174
2020-04-23,7550.90087890625,189.2369384765625,0.002102999947965145,1.0079319477081299,0.041868001222610474
2020-04-24,7569.93603515625,195.5153045654297,0.002142000012099743,1.0046800374984741,0.04240800067782402
2020-04-25,7679.8671875,197.31753540039062,0.00240899994969368,1.0003119707107544,0.045878998935222626
2020-04-26,7795.60107421875,197.22471618652344,0.002355000004172325,1.0040910243988037,0.04660100117325783
2020-04-27,7807.05859375,198.41539001464844,0.002339000115171075,1.007822036743164,0.04719499871134758
2020-04-28,8801.0380859375,216.96823120117188,0.002517000073567033,1.0081230401992798,0.051695000380277634
2020-04-29,8658.5537109375,207.60205078125,0.0024429999757558107,1.0051120519638062,0.047846000641584396
2020-04-30,8864.7666015625,214.21910095214844,0.0024939998984336853,1.0081369876861572,0.051259998232126236
2020-05-01,8988.5966796875,215.32537841796875,0.002549000084400177,1.0034780502319336,0.0510139986872673
2020-05-02,8897.46875,210.9331512451172,0.0025100000202655792,1.0035079717636108,0.04892899841070175
2020-05-03,8912.654296875,208.17401123046875,0.002481000032275915,1.0061089992523193,0.04966399818658829
2020-05-04,9003.0703125,206.77439880371094,0.0024840000551193953,1.0008560419082642,0.04935799911618233
2020-05-05,9268.76171875,204.0557861328125,0.0025289999321103096,1.0179309844970703,0.04976699873805046
2020-05-06,9951.5185546875,212.28941345214844,0.00266400002874434,1.0028949975967407,0.05110599845647812
2020-05-07,9842.666015625,212.9915771484375,0.002624999964609742,1.003764033317566,0.052303001284599304
2020-05-08,9593.896484375,211.60012817382812,0.0026130001060664654,1.0048179626464844,0.051736000925302505
2020-05-09,8756.4306640625,188.5995635986328,0.0024590000975877047,1.0010550022125244,0.04767699912190437
2020-05-10,8601.7958984375,185.912841796875,0.0024129999801516533,0.9983639717102051,0.04810800030827522
2020-05-11,8804.4775390625,189.3125,0.0024629998952150345,1.0007350444793701,0.05042099952697754
2020-05-12,9269.9873046875,199.1932830810547,0.0025210001040250063,1.0002319812774658,0.051472000777721405
2020-05-13,9733.7216796875,202.9490966796875,0.0025740000419318676,0.9988600015640259,0.0508899986743927
2020-05-14,9328.197265625,195.62266540527344,0.0025059999898076057,1.003972053527832,0.0504629984498024
2020-05-15,9377.013671875,200.6771240234375,0.0025130000431090593,1.0001939535140991,0.05093200132250786
2020-05-16,9670.7392578125,207.15869140625,0.00253800000064075,1.0015900135040283,0.051343001425266266
2020-05-17,9726.5751953125,214.52505493164062,0.0025430000387132168,1.001350998878479,0.05425199866294861
2020-05-18,9729.0380859375,213.45111083984375,0.00253800000064075,0.9960190057754517,0.05644899979233742
2020-05-19,9522.9814453125,210.09674072265625,0.0025080000050365925,0.9989479780197144,0.05687500163912773
2020-05-20,9081.76171875,199.88360595703125,0.0024850000627338886,1.0020010471343994,0.05224600061774254
2020-05-21,9182.5771484375,207.169189453125,0.002532999962568283,1.0022870302200317,0.05583300068974495
2020-05-22,9209.287109375,208.69439697265625,0.00254400004632771,1.005537986755371,0.05532199889421463
2020-05-23,8790.3681640625,202.37034606933594,0.0024580000899732113,1.0010889768600464,0.05264100059866905
2020-05-24,8906.9345703125,205.3197479248047,0.0025400000158697367,1.0031989812850952,0.05401099845767021
2020-05-25,8835.052734375,201.90231323242188,0.002486000070348382,0.9980080127716064,0.05342999845743179
2020-05-26,9181.017578125,208.86343383789062,0.0025100000202655792,1.004554033279419,0.05518300086259842
2020-05-27,9525.7509765625,219.84042358398438,0.0025239998940378428,1.0011529922485352,0.06455899775028229
2020-05-28,9439.1240234375,220.6751251220703,0.0025319999549537897,1.0033550262451172,0.06465999782085419
2020-05-29,9700.4140625,242.34559631347656,0.0026149998884648085,1.0004030466079712,0.07695800065994263
2020-05-30,9461.05859375,230.9757080078125,0.0025549998972564936,0.9980329871177673,0.07435200363397598
2020-05-31,10167.2685546875,246.99176025390625,0.0026469998992979527,1.0011210441589355,0.08116800338029861
2020-06-01,9529.8037109375,237.21905517578125,0.002560999942943454,0.9975240230560303,0.07845599949359894
2020-06-02,9656.7177734375,244.1793212890625,0.002583000110462308,1.0000059604644775,0.08543899655342102
2020-06-03,9800.63671875,244.4263916015625,0.0026310000102967024,1.0025089979171753,0.08900000154972076
2020-06-04,9665.533203125,241.22198486328125,0.002595999976620078,1.003026008605957,0.08544199913740158
2020-06-05,9653.6796875,241.9313201904297,0.0025869999080896378,0.9993029832839966,0.08602599799633026
2020-06-06,9758.8525390625,245.16725158691406,0.002606000052765012,1.0030139684677124,0.08665399998426437
2020-06-07,9771.4892578125,246.30990600585938,0.0025839998852461576,1.0021369457244873,0.08642999827861786
2020-06-08,9795.7001953125,244.9114532470703,0.0025690000038594007,1.0034689903259277,0.08340699970722198
2020-06-09,9870.0947265625,247.4449462890625,0.0025839998852461576,1.0014359951019287,0.08353099972009659
2020-06-10,9321.78125,231.70266723632812,0.002452000044286251,1.000601053237915,0.0753600001335144
2020-06-11,9480.84375,237.4932098388672,0.002520000096410513,1.0031150579452515,0.0795539990067482
2020-06-12,9475.27734375,238.90884399414062,0.002532999962568283,1.0020780563354492,0.07902800291776657
2020-06-13,9386.7880859375,234.1147003173828,0.0025110000278800726,1.0054470300674438,0.07674799859523773
2020-06-14,9450.7021484375,229.9289093017578,0.0024790000170469284,1.0021779537200928,0.07838699966669083
2020-06-15,9538.0244140625,234.41616821289062,0.0024870000779628754,1.0003329515457153,0.0790729969739914
2020-06-16,9480.2548828125,233.0282745361328,0.0024850000627338886,1.000372052192688,0.0834449976682663
2020-06-17,9411.8408203125,232.10116577148438,0.002471999963745475,1.0020179748535156,0.08217400312423706
2020-06-18,9288.0185546875,227.13829040527344,0.0024349999148398638,0.9938290119171143,0.07960300147533417
2020-06-19,9332.3408203125,229.27426147460938,0.0024470000062137842,0.9988840222358704,0.07933899760246277
2020-06-20,9303.6298828125,228.9898223876953,0.0024470000062137842,1.0013630390167236,0.0784749984741211
2020-06-21,9648.7177734375,242.53318786621094,0.0024739999789744616,0.9979249835014343,0.08360999822616577
2020-06-22,9629.658203125,244.14215087890625,0.0024840000551193953,1.0030380487442017,0.08295000344514847
2020-06-23,9313.6103515625,235.7724609375,0.0024300001095980406,1.000303030014038,0.0825830027461052
2020-06-24,9264.8134765625,232.94448852539062,0.0024170000106096268,1.0001020431518555,0.08169099688529968
2020-06-25,9162.91796875,229.6680450439453,0.0023590000346302986,0.998956024646759,0.08056099712848663
2020-06-26,9045.390625,222.9597930908203,0.0023129999171942472,1.0040309429168701,0.07767900079488754
2020-06-27,9143.58203125,225.34716796875,0.002326000016182661,1.0025149583816528,0.08039200305938721
2020-06-28,9190.8544921875,228.1948699951172,0.0023129999171942472,1.0019840002059937,0.08387000113725662
2020-06-29,9137.9931640625,226.31500244140625,0.002319999970495701,0.9999039769172668,0.08311600238084793
2020-06-30,9228.3251953125,231.11341857910156,0.0023539999965578318,1.0015610456466675,0.09595400094985962
